,detailLink,directors,rate,title,casts,cover,year,types,country,lang,time,moveiTime,comment_len,starts,summary,comments,imgList,movieUrl
0,https://movie.douban.com/subject/1292335/,昆汀·塔伦蒂诺,7.5,危险关系,"帕姆·格里尔,塞缪尔·杰克逊,罗伯特·福斯特,布里吉特·芳达,迈克尔·基顿",https://img9.doubanio.com/view/photo/s_ratio_poster/public/p1628107924.jpg,1997,"剧情,惊悚,犯罪",美国,英语,1997-12-08,154,28488,"16.3%,44.9%,34.6%,3.6%,0.6%","表面看来，杰奇（帕姆·格里尔 Pam Grier 饰）是一名普通的空姐，然而，在暗地里，她一直利用职务之便，帮助军火商奥德尔（塞缪尔·杰克逊 Samuel L. Jackson 饰）运送赃款，并从中获取暴利。一次意外中，杰奇的“生意”曝光了，她本人亦遭到了逮捕。得知此事，奥德尔派出了马克斯（罗伯特·福斯特 Robert Forster 饰），想要杀人灭口。
                                    
                                　　让奥德尔没有想到的是，马克斯竟然疯狂的爱上了杰奇，两人一拍即合，策划了一场阴谋将奥德尔耍得团团转，甚至派出了心腹梅兰妮（布里吉特·芳达 Bridget Fonda 饰）和路易斯（罗伯特·德尼罗 Robert De Niro 饰）助其一臂之力。然而，当奥德尔发现自己受骗之时，他才发现，事态的发展早已经脱离了他的掌控。","[{""user"": ""\u6258\u5c3c\u00b7\u738b\u5927\u62ff"", ""start"": ""50"", ""time"": ""2010-08-11 01:33:14"", ""content"": ""\u6606\u6c40\u6700\u5e73\u5b9e\u7684\u4e00\u90e8\u7535\u5f71\uff0c\u6ca1\u6709\u975e\u7ebf\u6027\u53d9\u4e8b\uff0c\u6ca1\u6709\u8131\u7ebf\u5267\u60c5\uff0c\u6ca1\u6709\u70ab\u6280 \u2014\u2014 \u9664\u4e86\u591a\u8fbe\u4e24\u4f4d\u6570\u7684\u957f\u955c\u5934\uff1b\u800c\u6781\u5177\u8fa8\u8bc6\u5ea6\u7684\u604b\u8db3\u7656\u53e8\u903c\u53e8\u5bf9\u8bdd\u4ec0\u4e48\u7684\u4e00\u4e2a\u4e0d\u5c11\uff0c\u6700\u610f\u5916\u7684\u662f\u957f\u8fbe50\u5206\u949f\u7684\u9ad8\u6f6e\uff0c\u771f\u662f\u723d\u7ffb\u4e86\uff0c\u800c\u4e14\u5c45\u7136\u53ea\u6253\u4e86\u4e03\u53d1\u5b50\u5f39\u6b7b\u4e86\u4e09\u4e2a\u4eba\uff01\uff01\uff01""}, {""user"": ""\u675f"", ""start"": ""40"", ""time"": ""2009-02-05 06:35:12"", ""content"": ""\u7247\u513f\u62cd\u5f97\u500d\u513f\u7a33\u5f53\uff0c\u6709\u70b9\u610f\u601d :)\n\u5bfc\u6f14\u6f14\u5458\u5747\u73a9\u5f97\u500dhigh\uff0c\u5e26\u7740\u6211\u4eec\u4e5f\u8d70\u8d77\u6765\u4e86\uff0c\u8fd9\u5e2e\u4eba\u51d1\u8d77\u6765\u539f\u6765\u8fd9\u4e48\u725b\u903c\u3002""}, {""user"": ""\u4e5d\u5c3e\u9ed1\u732b"", ""start"": ""40"", ""time"": ""2008-05-24 00:12:21"", ""content"": ""\u97f3\u4e50\u7279\u6709\u611f\u89c9\uff0c\u7b97\u662f\u6700\u559c\u6b22\u7684\u6606\u6c40\u7684\u4e00\u90e8\u4e86""}, {""user"": ""\u51b0\u5c71\u674e"", ""start"": ""50"", ""time"": ""2009-09-13 22:17:31"", ""content"": ""9.0\uff1b\u4ee5\u89d2\u8272\u4e3a\u5404\u79cd\u7c7b\u578b\u7247\u7b26\u53f7\uff0c\u6606\u6c40\u7684\u89e3\u6784""}, {""user"": ""\u8fd9\u4e2a\u5047\u4e86"", ""start"": ""30"", ""time"": ""2011-09-10 23:16:01"", ""content"": ""\u5e73\u5b9e\u7684\u6606\u6c40\uff0c\u4e24\u4e2a\u534a\u5c0f\u65f6\u7684\u7247\u957f\u7565\u663e\u62d6\u6c93\uff0c\u76f4\u5230\u6700\u540e\u4e00\u4e2a\u5c0f\u65f6\u624d\u51fa\u73b0\u5927\u6bb5\u7684\u9ad8\u6f6e\u56e0\u800c\u524d\u534a\u6bb5\u8ba9\u4eba\u89c9\u5f97\u9887\u4e3a\u65e0\u8da3\uff1b\u4e2a\u4eba\u8ba4\u4e3a\u5fb7\u5c3c\u7f57\u662f\u672c\u7247\u6700\u5927\u7684\u4eae\u70b9\uff0c\u76f8\u6bd4\u4e8e\u6606\u6c40\u7684\u5176\u4ed6\u4f5c\u54c1\uff0c\u6b64\u7247\u7684\u7ed3\u5c3e\u4e5f\u7684\u786e\u201c\u5f31\u7206\u4e86\u201d\u3002""}]","https://img1.doubanio.com/view/photo/sqxs/public/p1628145097.jpg,https://img2.doubanio.com/view/photo/sqxs/public/p1628145762.jpg,https://img1.doubanio.com/view/photo/sqxs/public/p1628145217.jpg,https://img3.doubanio.com/view/photo/sqxs/public/p1775892080.jpg",https://vt1.doubanio.com/202205191126/0c2b4e2f35f6e4dfee692c061b6a7d20/view/movie/M/301010353-1.mp4
1,https://movie.douban.com/subject/35604173/,艾琳·李·卡尔,7.5,父女之战：解放布兰妮,"布兰妮·斯皮尔斯,艾琳·李·卡尔,西蒙·考威尔,罗茜·欧唐内,凯文·费德兰",https://img2.doubanio.com/view/photo/s_ratio_poster/public/p2686194301.jpg,2021,"纪录片,音乐,传记",美国,英语,2021-09-28,93,1932,"21.2%,40.1%,33.9%,3.7%,1.1%",记者珍妮·埃利斯和导演艾琳·李·卡尔通过独家采访和机密证据调查布兰妮·斯皮尔斯争取自由的斗争。,"[{""user"": ""\u5c0f\u654f\u5403\u6389\u5c0f\u654f"", ""start"": ""40"", ""time"": ""2021-10-04 03:34:28"", ""content"": ""\u5979\u9762\u5bf9\u7684\u4e5f\u662f\u68a6\u9732\u3001\u996d\u5c9b\u7231\u3001\u88ab\u5acc\u5f03\u7684\u677e\u5b50\u3001\u79c0\u5170\u9093\u6ce2\u513f\u2026\u2026\u6240\u9762\u5bf9\u7684\u547d\u8fd0\uff0c\u8c01\u80fd\u60f3\u5230\u5531\u8df3\u5929\u540e\u7684\u7eaa\u5f55\u7247\u7adf\u7136\u662f\u4e00\u90e8\u53f8\u6cd5\u542f\u793a\u5f55\uff1f\u6cd5\u5ead\u4e0a\u90a3\u77ed\u77ed\u51e0\u5206\u949f\u7684\u5f55\u97f3\u53c8\u7b80\u6d01\u53c8\u6709\u529b\u53c8\u8ba9\u4eba\u52a8\u5bb9\uff0c\u61d2\u59ae\u5728\u8868\u8fbe\u80fd\u529b\u65b9\u9762\u628a\u5929\u8d4b\u6811\u90fd\u70b9\u6ee1\u4e86\u5427\uff01""}, {""user"": ""\u5b54\u5e9c\u5c0f\u9c7c"", ""start"": ""30"", ""time"": ""2021-10-07 18:54:51"", ""content"": ""\u6bd4\u8d77\u8bb0\u53d9\u5e03\u5170\u59ae\u4e00\u6848\u7684\u8fc7\u7a0b\uff0c\u66f4\u591a\u8fd8\u662f\u5728\u540c\u60c5\u548c\u547c\u5401\uff0c\u4e0d\u8fc7\u7531\u6b64\u4e5f\u80fd\u770b\u51fa\uff0c\u4e00\u4e2a\u5982\u6b64\u51fa\u540d\u7684\u5973\u4eba\u90fd\u9003\u4e0d\u8fc7\u88ab\u7537\u6743\u793e\u4f1a\u7684\u5408\u6cd5\u7ed1\u67b6\u3002""}, {""user"": ""20\u4e2a\u5c0f\u660e\u226f"", ""start"": ""30"", ""time"": ""2021-10-02 23:19:18"", ""content"": ""\u7f3a\u5c11\u5f53\u4e8b\u4eba\u65b9\u9762\u7684\u91c7\u8bbf\uff0c\u6709\u70b9\u53ef\u60dc\u2026\u2026\u4e0d\u8fc7\u597d\u5728\u5b98\u53f8\u6700\u540e\u8d62\u4e86""}, {""user"": ""fire"", ""start"": ""30"", ""time"": ""2021-10-09 18:49:57"", ""content"": ""\u7f3a\u5c11\u4e3b\u8981\u4eba\u7269""}, {""user"": ""\u6c34\u6c34"", ""start"": ""30"", ""time"": ""2021-10-14 08:19:53"", ""content"": ""\u4f20\u5947\u3002""}]","https://img3.doubanio.com/view/photo/sqxs/public/p2689838030.jpg,https://img1.doubanio.com/view/photo/sqxs/public/p2689837987.jpg,https://img1.doubanio.com/view/photo/sqxs/public/p2689837977.jpg,https://img9.doubanio.com/view/photo/sqxs/public/p2689837966.jpg",https://vt1.doubanio.com/202205191126/e6d1b58947c8416fe512765dfb2a5917/view/movie/M/402810029.mp4
2,https://movie.douban.com/subject/1305915/,高志森,7.4,开心鬼放暑假,"黄百鸣,袁洁莹,罗美薇,陈加玲,傅明宪",https://img2.doubanio.com/view/photo/s_ratio_poster/public/p1995005703.jpg,1985,"喜剧,奇幻",中国香港,粤语,1985-07-18,96,25880,"16.0%,41.2%,39.4%,2.9%,0.5%","开心鬼（黄百鸣）转世投胎，摇身变作某女子中学教师，在他班上，几名爱捉弄人的调皮女生，戴卓仪（袁洁莹）、MAY（罗美薇）和姚琼（陈家玲），成立了以整人为乐的“卑鄙会”，开心鬼是她们最爱拿来开玩笑的对象。
                                    
                                　　开心鬼喜欢上隔壁男校某名女教师，正欲展开攻势，发现该教师正被各方面条件都强于自己的某体育教师追求，相比形秽，开心鬼郁郁不得意，更受打击的是，他因掉入戴卓仪一众设的“陷阱”，遭校长误会被迫离开学校。戴卓仪一众后悔不迭，开始想办法弥补过错。","[{""user"": ""Andor-Genesis"", ""start"": ""30"", ""time"": ""2007-08-25 01:47:17"", ""content"": ""\u5c0f\u751f\u6015\u6015\uff0c\u5c0f\u751f\u6015\u6015\u554a\uff01\uff5e\r\n\u4ec0\u4e48\u5351\u9119\u4f1a\u554a\uff0c\u7f3ab\u8037\u62c9\uff01\uff5e""}, {""user"": ""\u8c0b\u6740\u6e38\u620f\u673a"", ""start"": ""30"", ""time"": ""2014-11-23 19:15:12"", ""content"": ""\u5f00\u5fc3\u9b3c\u7cfb\u5217\u9996\u5f00\u9999\u6e2f\u6821\u56ed\u559c\u5267\u98ce\u6f6e\uff0c\u661f\u7237\u4e5f\u53d7\u4ed6\u5f71\u54cd\u3002\u5f53\u5e74\u8fd9\u90e8\u662f\u4ece\u4e2d\u5b66\u751f\u624b\u91cc\u82b15000\u6e2f\u5e01\u4e70\u7684\u8bdd\u5267\u53f0\u672c\uff0c\u6295\u8d44200\u4e07\uff0c\u6700\u7ec8\u51fb\u8d25\u7701\u6e2f\u65d7\u5175\u6210\u6691\u671f\u6863\u51a0\u519b\u3002\u9ec4\u767e\u9e23\u53d1\u6398\u65b0\u4eba\u4e00\u76f4\u5389\u5bb3\uff0c\u5f00\u5fc3\u5c11\u5973\u7ec4\u5408\u8ddf\u5f20\u66fc\u7389\u3001\u718a\u9edb\u6797\u3001\u6768\u9896\u4e00\u6837\u88ab\u4ed6\u63a8\u51fa\u6765\u3002\u5938\u5f20\u62d9\u52a3\u7279\u6548\u53cd\u800c\u6210\u5c31\u559c\u611f\uff0c\u4ed6\u8bf4\u80cc\u6295\u4e09\u5206\u7403\u5c31\u662fNG12\u6b21\u6210\u529f\u7684\uff0c\u6ca1\u94b1\u505a\u7279\u6548""}, {""user"": ""\u7ecf\u7eac\u4e07\u7aef"", ""start"": ""40"", ""time"": ""2013-04-04 23:14:37"", ""content"": ""\u8ddf\u524d\u9762\u4e24\u96c6\u5dee\u4e86\u4e00\u70b9\uff0c\u7b11\u70b9\u4fd7\u4e86""}, {""user"": ""aibantang"", ""start"": ""30"", ""time"": ""2011-09-02 13:49:47"", ""content"": ""\u70ed\u95f9\u597d\u73a9\uff0c\u4ec5\u6b64\u800c\u5df2\u3002\u4f46\u5bf9\u8fd9\u7c7b\u5f71\u7247\u6765\u8bb2\uff0c\u4ec5\u6b64\u8db3\u77e3\u3002\u800c\u4e14\u591a\u5e74\u540e\u518d\u770b\uff0c\u4e5f\u6709\u4e00\u4e9b\u7ecf\u5178\u7684\u5473\u9053\u3002""}, {""user"": ""Bigbird"", ""start"": ""30"", ""time"": ""2010-11-13 17:52:08"", ""content"": ""\u597d\u4e45\u597d\u4e45\u4ee5\u524d\u770b\u7684\u7247\uff0c\u4ee5\u81f3\u4e8e\u4e45\u5230\u6211\u90fd\u4e0d\u8bb0\u5f97\u662f\u4ec0\u4e48\u65f6\u5019\u3002\u6b64\u5206\u7eaf\u5c5e\u8bb0\u5fc6\u5206\u3002""}]","https://img3.doubanio.com/view/photo/sqxs/public/p1388725130.jpg,https://img9.doubanio.com/view/photo/sqxs/public/p1592054915.jpg,https://img2.doubanio.com/view/photo/sqxs/public/p1628549702.jpg,https://img1.doubanio.com/view/photo/sqxs/public/p1628546849.jpg,https://img1.doubanio.com/view/photo/sqxs/public/p1628547129.jpg",0
3,https://movie.douban.com/subject/1303717/,洪金宝,7.4,夏日福星,"洪金宝,吴耀汉,冯淬帆,苗侨伟,曾志伟",https://img9.doubanio.com/view/photo/s_ratio_poster/public/p2521395606.jpg,1985,"喜剧,动作",中国香港,粤语,1985-08-15,96,23638,"16.1%,42.1%,38.2%,3.0%,0.5%","鹧鸪菜（洪金宝 饰）、犀牛皮（冯淬帆 饰）、大山地（吴耀汉 饰）、罗汉果（曾志伟）、花旗参（秦祥林 饰）、大力丸（成龙 饰）、巴巴拉（胡慧中 饰）和维奇（元彪 饰）等警察兄弟一起放大假出外旅游，岂料他们刚刚到达目的地就被上司通知马上回港执行任务。
                                    
                                　　原来，香港富商冯先生遭杀手杀害，他的女儿冯小姐（关之琳 饰）和冯先生的好友刘先生现在随时都有生命危险。于是，为了保护两人，大力丸和助手贴身保护刘先生；而年轻漂亮的冯小姐则住到巴巴拉的家由犀牛皮等人保护，众人都想和这位漂亮开放到冯小姐搭上关系；维奇和巴巴拉住入冯家引诱杀手上钩。夏日里，一连串爆笑惊险的场面上演了！","[{""user"": ""\u65e0\u8da3"", ""start"": ""50"", ""time"": ""2013-03-23 15:39:52"", ""content"": ""\u6ca1\u4e4b\u524d\u51e0\u90e8\u90a3\u4e48\u641e\u7b11\uff0c\u4f46\u6709\u5173\u4e4b\u7433\u6e7f\u8eab\u51f8\u70b9\u52a0\u5206\u554a\uff01""}, {""user"": ""\u671d\u66ae\u96ea"", ""start"": ""30"", ""time"": ""2018-06-13 22:40:01"", ""content"": ""1.\u5173\u4e4b\u7433\u8131\u6bdb\u5dfe\u540e\u6fc0\u51f8\uff0c\u4ece\u6d74\u7f38\u91cc\u8d77\u6765\u65f6\u6fc0\u51f8\u3002\n2.\u5173\u4e4b\u7433\u5047\u626e\u76f2\u4eba\uff0c\u5f53\u7740\u4ed3\u7530\u4fdd\u662d\u7684\u9762\u6492\u5c3f\u3002\n3.\u4ed3\u7530\u4fdd\u662d\u548c\u6210\u9f99\u3001\u6d2a\u91d1\u5b9d\u4e0a\u6f14\u5bf9\u624b\u620f\u3002\u6210\u9f99\u88ab\u4ed3\u7530\u4fdd\u662d\u540a\u6253\uff0c\u4ed3\u7530\u4fdd\u662d\u518d\u88ab\u6d2a\u91d1\u5b9d\u540a\u6253\uff0c\u6bd5\u7adf\u6d2a\u91d1\u5b9d\u662f\u5bfc\u6f14\u3002\n4.1985\u5e74\u7684\u300a\u590f\u65e5\u798f\u661f\u300b\u548c1986\u5e74\u7684\u300a\u5bcc\u8d35\u5217\u8f66\u300b\u90fd\u662f\u4f17\u661f\u4e91\u96c6\uff0c\u6d2a\u91d1\u5b9d\u4eba\u8109\u771f\u5e7f\u3002\n5.\u7247\u5934\u548c\u7247\u5c3e\u5f88\u9017\u6bd4\u3002""}, {""user"": ""\u8303\u6d77\u946b"", ""start"": ""50"", ""time"": ""2017-07-19 08:59:34"", ""content"": ""\u7b2c\u4e09\u90e8\u4f9d\u65e7\u662f\u5de8\u661f\u4e91\u96c6\u53d8\u672c\u52a0\u5389\uff0c\u5ae9\u5ae9\u7684\u5218\u5fb7\u534e\u6765\u9171\u6cb9\uff0c\u82b1\u65d7\u53c2\u5f00\u573a\u51fa\u6765\u3002\u540e\u9762\u6765\u4e86\u4e2a\u5f1f\u5f1f\u5b9d\u5854\u7cd6\u82d7\u4fa8\u4f1f\uff0c\u65b0\u7f8e\u5973\u5173\u4e4b\u7433\u52a0\u76df\uff0c\u5931\u706b\u8eb2\u6d74\u7f38\u90a3\u6bb5\u4e0d\u77e5\u9053\u56de\u770b\u8fc7\u51e0\u56de\uff0c\u7b2c\u4e00\u90e8\u4e2d\u7684\u5e38\u89c4\u89d2\u8272\u5377\u6bdb\u53d8\u6210\u4e86\u51ac\u866b\u8349\uff0c\u5267\u60c5\u7ed3\u6784\u4f9d\u65e7\u662f\u524d\u534a\u6bb5\u4e94\u798f\u661f\u641e\u602a\u8c03\u620f\u7f8e\u5973\u63e9\u6cb9\u9732\u70b9\u9999\u8273\u6ee1\u6ee1\uff0c\u540e\u534a\u90e8\u5609\u79be\u94c1\u4e09\u89d2\u52a8\u4f5c\u620f\u4efd\u5927\u6740\u56db\u65b9\uff0c\u6210\u9f99\u8fd8\u662f\u88ab\u5927\u54e5\u7ed9\u538b\u7740\u4e86\uff0c\u6d2a\u91d1\u5b9d\u800d\u7f51\u7403\u62cd\u90a3\u6bb5\u662f\u770b\u4e00\u6b21\u7b11\u4e00\u6b21\uff01\u6700\u540e\u7684\u6700\u540e\uff0c\u7535\u68af\u4e0b\u6765\u4e00\u4f17\u5927\u8155\uff0c\u6570\u661f\u661f\u7684\u611f\u89c9\u771f\u662f\u773c\u82b1\u7f2d\u4e71\uff0c\u582a\u6bd4\u300a\u89c1\u90ed\u5927\u7237\u300b""}, {""user"": ""\u4e3d\u5730\u547c\u58f0"", ""start"": ""50"", ""time"": ""2017-02-05 10:32:21"", ""content"": ""\u9999\u6e2f\u559c\u5267\u52a8\u4f5c\u7684\u5dc5\u5cf0\u554a\uff0c\u6d2a\u91d1\u5b9d\u7684\u7075\u6d3b\uff0c\u7a7a\u7ffb\uff0c\u5143\u5f6a\u7684\u8212\u5c55\uff0c\u8e22\u817f\uff0c\u76f8\u5bf9\u6210\u9f99\u5927\u54e5\u5c31\u4e0d\u591f\u51fa\u5f69\u4e86\uff0c\u5f53\u7136\u8fd9\u4e0d\u662f\u6210\u5bb6\u73ed\u7684\u52a8\u4f5c\u8bbe\u8ba1\uff0c\u5426\u5219\u5404\u79cd\u73a9\u547d\u52a8\u4f5c\u5c31\u5c42\u51fa\u4e0d\u7a77\u4e86\u3002\u80e1\u6167\u4e2d\u771f\u7f8e\uff0c\u90a3\u4e2a\u5e74\u4ee3\u5973\u661f\u7684\u7f8e\uff0c\u59dc\u5927\u536b\u771f\u5e05\uff0c\u534e\u4ed4\u6700\u540e\u6210\u4e86\u519b\u88c5\u8b66\u5458\uff0c\u597d\u5e05\uff0c\u5f88\u7a00\u7f55\u554a\u3002\u7535\u68af\u91cc\u8d70\u51fa\u7684\u5927\u5496\u4eec\uff0c\u544a\u8bc9\u89c2\u4f17\u6d2a\u91d1\u5b9d\u7684\u5730\u4f4d\u3002""}, {""user"": ""\u4f20\u8bf4"", ""start"": ""30"", ""time"": ""2006-07-03 20:30:30"", ""content"": ""\u53c8\u540d: Xia ri fu xing / \u4e03\u798f\u661f\r\n\r\n\u5bfc\u6f14: \u6d2a\u91d1\u5b9d (Sammo Hung Kam-Bo)\r\n\r\n\u4e0a\u6620\u5e74\u5ea6: 1985\r\n\u5236\u7247\u56fd\u5bb6/\u5730\u533a: \u9999\u6e2f\r\nimdb\u94fe\u63a5: tt0090342\r\n\r\n""}]","https://img1.doubanio.com/view/photo/sqxs/public/p2178258099.jpg,https://img3.doubanio.com/view/photo/sqxs/public/p1974051430.jpg,https://img9.doubanio.com/view/photo/sqxs/public/p2646754494.jpg,https://img1.doubanio.com/view/photo/sqxs/public/p2178258097.jpg,https://img2.doubanio.com/view/photo/sqxs/public/p2178258093.jpg",0
4,https://movie.douban.com/subject/1476023/,索菲亚·科波拉,6.9,绝代艳后,"克斯汀·邓斯特,詹森·舒瓦兹曼,朱迪·戴维斯,雷普·汤恩,罗丝·伯恩",https://img9.doubanio.com/view/photo/s_ratio_poster/public/p735421206.jpg,2006,"剧情,传记,历史","美国,法国,日本","法语,英语",2006-05-24,123,81055,"10.0%,32.7%,48.4%,8.0%,0.9%",这部电影讲述了一位法兰西王后的一生，讲述了那个年代，法国大革命前贵族们奢华迷乱的生活。奥地利公主玛丽（克尔斯滕•邓斯特 Kirsten Dunst饰）非常聪明，生性活泼，14岁的时候，在一场政治婚姻中，从奥地利公主变成法国的太子妃。由于某些原因，王子对玛丽非常的纵容，婚后，玛丽一直过着极其奢华的生活，同样，玛丽也一直无法与内心的寂寞彻底脱离。这部电影将给我们带来关于18世纪法国宫廷和社会的各种震撼，匪夷所思的奢侈，欲望交织的爱情，以及最后法国人民的怒吼。,"[{""user"": ""\u7720\u53bb"", ""start"": ""40"", ""time"": ""2007-05-03 18:18:53"", ""content"": ""\u8fd9\u7247\u5e76\u6ca1\u6709\u591a\u4e0d\u582a\uff0c\u591a\u6d6e\u534e\u7a7a\u6d1e\uff0c\u5c24\u5176\u662f\u5728\u8bfb\u4e86\u5927\u4ef2\u9a6c\u7684\u300a\u65ad\u5934\u8273\u540e\u300b\u4e4b\u540e\uff0c\u6211\u53cd\u800c\u7406\u89e3\u4e86\u7d22\u83f2\u4e9a\u7684\u62cd\u6444\u624b\u6cd5\u4e0a\u7684\u201c\u8f7b\u201d\uff0c\u90a3\u4e2a\u5e74\u4ee3\u5c31\u662f\u4e2a\u6d6e\u534e\u7a7a\u6d1e\u7684\u5e74\u4ee3\uff0cKK\u5c31\u662f\u4e66\u4e2d\u6240\u63cf\u5199\u7684\u90a3\u4e2a\u5c11\u5973\uff0c\u4e0d\u8c19\u4e16\u4e8b\uff0c\u53ea\u61c2\u4eab\u4e50\uff0c\u5f53\u5979\u61c2\u5f97\u5982\u4f55\u505a\u4e00\u4e2a\u738b\u540e\u65f6\uff0c\u5979\u5374\u5fc5\u987b\u8981\u9762\u5bf9\u65ad\u5934\u53f0\u4e86\u3002""}, {""user"": ""\u660f\u91d1\u6697\u7389"", ""start"": ""30"", ""time"": ""2008-07-14 00:44:23"", ""content"": ""\u636e\u8bf4\u6bcf\u4e00\u4e2a\u955c\u5934\u90fd\u662f\u5bf9\u773c\u775b\u7684\u7231\u629a\u3002""}, {""user"": ""\u679c\u9171\u262e"", ""start"": ""40"", ""time"": ""2008-06-01 14:28:34"", ""content"": ""\u4e0d\u53bb\u8c08\u5267\u60c5\u3002\u753b\u9762\u8272\u5f69\u5b9e\u5728\u662f\u6f02\u4eae\uff0c\u670d\u88c5\u534e\u4e3d\u4e3d\uff0c\u97f3\u4e50\u5f88\u597d\u542c\u3002\u5176\u5b9e\u4e5f\u5c31\u591f\u4e86\u3002""}, {""user"": ""\uf8ff17950"", ""start"": ""50"", ""time"": ""2007-02-20 01:28:11"", ""content"": ""\u62ff17XX\u5e74\u7684\u6545\u4e8b\u600070\u5e74\u4ee3\u7684\u65e7\u3002""}, {""user"": ""Urth\u00f3naD'Mors"", ""start"": ""30"", ""time"": ""2008-04-04 20:43:48"", ""content"": ""\u4eba\u6c11\u997f\u7684\u65f6\u5019\u53ef\u4ee5\u5403\u86cb\u7cd5...\u8fd9\u90e8\u7247\u5b50\u7528Dustin O'Halloran\u7684\u97f3\u4e50\u5b9e\u5728\u662f\u592a\u597d\u4e86""}]","https://img2.doubanio.com/view/photo/sqxs/public/p988424493.jpg,https://img2.doubanio.com/view/photo/sqxs/public/p449658462.jpg,https://img2.doubanio.com/view/photo/sqxs/public/p987267912.jpg,https://img9.doubanio.com/view/photo/sqxs/public/p988428964.jpg,https://img1.doubanio.com/view/photo/sqxs/public/p531816758.jpg",0
5,https://movie.douban.com/subject/2977957/,丹·特拉亨伯格,6.9,科洛弗道10号,"约翰·古德曼,玛丽·伊丽莎白·温斯特德,小约翰·加拉赫,布莱德利·库珀,道格拉斯·M·格里芬",https://img1.doubanio.com/view/photo/s_ratio_poster/public/p2310097289.jpg,2016,"科幻,悬疑,惊悚",,美国,2016-03-11,103,65097,"8.5%,36.6%,46.0%,7.6%,1.2%","年轻女子米歇尔（玛丽·伊丽莎白·温斯特德 Mary Elizabeth Winstead 饰）不久前刚和男友发生争吵，她夜晚驾车奔驰在黑暗的公路上，突然遭遇严重车祸昏迷过去。当她再度醒来时，发现自己被绑住手脚，关在一个密闭的空间里。少顷，一个健硕冷峻的男子霍华德（约翰·古德曼 John Goodman 饰）走了进来。军人出身的霍华德声称地球刚刚遭遇可怕的生化危机，地球人几乎灭亡殆尽。他在数年前未雨绸缪修建了这个设备、资源齐全的避难所，只为生存下去。避难所内，除了霍华德、米歇尔外，还有另外一个年轻男子埃米特。米歇尔对霍华德的说辞半信半疑，她坚信自己遭到了变态狂的拘禁。
                                    
                                　　真相究竟为何？威胁无处不在……","[{""user"": ""salty"", ""start"": ""40"", ""time"": ""2016-03-11 12:01:15"", ""content"": ""so a bottle of scotch took down a fucking alien ship""}, {""user"": ""\u767d\u6708"", ""start"": ""40"", ""time"": ""2016-03-21 19:38:15"", ""content"": ""\u771f\u6b63\u7684\u707e\u96be\u6ca1\u6709\u5178\u578b\u6027\uff0c\u8c01\u8bf4\u9047\u89c1\u4e86\u53d8\u6001\u5927\u53d4\u5c31\u4fdd\u8bc1\u4e0d\u4f1a\u518d\u9047\u89c1\u5916\u661f\u4eba\uff1f""}, {""user"": ""LoVe"", ""start"": ""40"", ""time"": ""2016-03-12 14:15:19"", ""content"": ""\u5413\u4f60\u4e00\u8df3\uff0c\u7136\u540e\u6247\u4e00\u5df4\u638c\uff0c\u8ba9\u4f60\u9547\u5b9a\uff0c\u5582\u4e00\u9897\u7cd6\uff1b\u7136\u540e\u518d\u5413\u4f60\u4e00\u8df3\uff0c\u6247\u4e00\u5df4\u638c\uff0c\u5582\u4e00\u9897\u7cd6\u3002\u914d\u4e50\u5927\u7684\u5413\u6b7b\u4eba\u3002\u8fd8\u4e0d\u9519\u7684\u60ca\u609a\u7247\u3002\u4e0d\u77e5\u9053\u7ed3\u5c40\u7684\u5916\u661f\u751f\u7269\u8ddf\u524d\u9762\u8131\u8282\u8fd9\u4e48\u4e25\u91cd\u65f6\u4e3a\u54ea\u822c\u3002\u5267\u60c5\u91cc\u6709\u5f88\u591a\u94fa\u57ab\u6897\u3002\u83ab\u540d\u5730\u5f88\u559c\u6b22\u4e09\u4e2a\u4eba\u5176\u4e50\u878d\u878d\u7684\u573a\u666f\u3002\u4e09\u4e2a\u4eba\u5728\u4e00\u8d77\uff0c\u65e0\u8bba\u662f\u5f00\u5fc3\u6ef4\u6e38\u620f\u8fd8\u662f\u4e89\u5435\u6216\u662f\u903c\u8feb\uff0c\u90fd\u8868\u6f14\u7684\u5f88\u6709\u5473\u9053\u3002""}, {""user"": ""\u5f17\u6717\u7d22\u74e6\u5f20\u3002"", ""start"": ""50"", ""time"": ""2016-03-17 03:54:34"", ""content"": ""\u5e74\u5ea6\u79d1\u5e7b\u795e\u4f5c\u9884\u5b9a\uff08\u660e\u5929\u53bb\u770b\u5348\u591c\u9003\u4ea1\uff0c\u4e0d\u51fa\u610f\u5916\u7684\u8bdd...\uff09\u3002\u5f88\u5c11\u6709\u5f71\u7247\u8ba9\u4f60\u5728\u89c9\u5f97\""\u4e3b\u89d2\u50bb\u903c\uff0d\u7b49\u4e0b\u5979\u597d\u50cf\u662f\u5bf9\u7684\uff0d\u4e0d\u5bf9\u5979\u771f\u7684\u662f\u50bb\u903c\""\u4e4b\u95f4\u4e0d\u65ad\u8f6e\u56de\u3002\u5f71\u7247\u7ed9\u6211\u4e00\u79cd\u611f\u89c9\u597d\u50cf\u8fd9\u4e2a\u5267\u672c\u672c\u8eab\u5c31\u662f\u4e3a\u4e86\u5730\u4e0b\u90e8\u5206\u521b\u4f5c\u7684\uff0c\u4e3a\u4e86\u80fd\u591f\u62ff\u5230\u6295\u8d44\u786c\u628acloverfield\u7684\u54c1\u724c\u786c\u585e\u8fdb\u53bb\u505a\u4e86\u8fd9\u4e48\u4e2a\u7ed3\u5c3e\u3002\u597d\u5728\u4e5f\u6ca1\u72d7\u5c3e\u7eed\u8c82\u3002""}, {""user"": ""Nenya"", ""start"": ""40"", ""time"": ""2016-03-12 18:11:17"", ""content"": ""2016\u5e74\u9996\u63a8\u7684\u79d1\u5e7b\u60ac\u7591\u60ca\u609a\u7247\uff0c\u201c\u60ca\u609a\u201d\u5927\u5199\u52a0\u7c97\uff0c\u522b\u770b\u5267\u60c5\u7b80\u4ecb\u522b\u770b\u9884\u544a\u7247\u3002\u90d1\u91cd\u63a8\u8350\uff0c\u597d\u8fc7\u524d\u4f5c\u3002\u987a\u4fbf\u8bc1\u660e\u4e00\u4e0b\u6211\u4e0d\u4ec7\u6068J\u00b7J\u00b7\u827e\u5e03\u62c9\u59c6\u65af\uff0c\u5c3d\u7ba1\u6211\u5199\u4e86\u5f88\u591a\u62a8\u51fb\u4f60\u7684\u8bdd\u90fd\u662f\u5bf9\u7247\u4e0d\u5bf9\u4eba\uff0c\u5982\u679c\u4f60ever ever\u4e3a\u672c\u7247\u8d21\u732e\u4e86\u4e00\u70b9\u70b9\u4f5c\u7528\u7684\u8bdd\uff0c\u5e72\u7684\u6f02\u4eae\uff01""}]","https://img9.doubanio.com/view/photo/sqxs/public/p2327275594.jpg,https://img9.doubanio.com/view/photo/sqxs/public/p2327275146.jpg,https://img9.doubanio.com/view/photo/sqxs/public/p2327275164.jpg,https://img2.doubanio.com/view/photo/sqxs/public/p2323976202.jpg",https://vt1.doubanio.com/202205191126/301ea3febc8cad984155e9c2f1fbf6d6/view/movie/M/301890790.mp4
6,https://movie.douban.com/subject/27074301/,查尔斯·斯通三世,6.3,德鲁大叔,"凯里·欧文,里尔·莱尔·哈瓦瑞,沙奎尔·奥尼尔,克里斯·韦伯,雷吉·米勒",https://img9.doubanio.com/view/photo/s_ratio_poster/public/p2544791864.jpg,2018,"喜剧,运动",美国,英语,2019-01-11,103,29920,"8.4%,22.9%,49.3%,15.7%,3.6%","达克斯（里尔·莱尔·哈瓦瑞 饰）为了一圆自己的篮球梦，参加在洛克公园举办的街头篮球锦标赛。在他输给对手穆奇后，自己的运势不断地走下坡路，直到达克斯遇见了前街头霸主——德鲁大叔（凯里·欧文 饰），希望获得他的助力，而德鲁大叔提出建立自己的球队。
                                    
                                　　为此，两人共同出发去寻找德鲁大叔的老队员们（沙奎尔·奥尼尔、克里斯·韦伯、雷吉·米勒、内特·罗宾逊），之后一场场精彩绝伦的比赛不断上演，也发生了一系列趣味横生的故事。","[{""user"": ""\u5b50\u4e0d\u8a00"", ""start"": ""40"", ""time"": ""2018-07-03 12:12:53"", ""content"": ""\u5267\u60c5\u4e00\u822c\uff0c\u4f46\u662f\u60f3\u4e0d\u5230\u8fd8\u80fd\u770b\u89c1\u7c73\u52d2\u6295\u7bee\u771f\u662f\u8ba9\u4eba\u611f\u6168\uff0c\u770b\u89c1\u5965\u5c3c\u5c14\u6263\u7bee\uff0c\u9752\u6625\u6613\u901d\uff0c\u7bee\u7403\u6c38\u6052\ud83c\udfc0\u5230\u4e8680\u5c81\u4e5f\u8981\u8ddf\u5144\u5f1f\u4e00\u8d77\u6253\u7403\ud83d\udcaaNothing is impossible""}, {""user"": ""Hanamichi"", ""start"": ""30"", ""time"": ""2018-06-29 11:33:10"", ""content"": ""\u662f\u6211\u773c\u82b1\u770b\u5230\u7edd\u6740\u4e09\u5206\u5176\u5b9e\u4e00\u6761\u817f\u90fd\u8fc7\u7ebf\u4e86\uff1f...""}, {""user"": ""\u6ca1\u5575"", ""start"": ""20"", ""time"": ""2018-09-07 04:14:51"", ""content"": ""\u633a\u4e00\u822c\u7684\u554a""}, {""user"": ""ZeonGin Sou"", ""start"": ""30"", ""time"": ""2018-10-02 10:22:51"", ""content"": ""\u201c\u5c31\u8ddf\u547c\u5438\u4e00\u6837\uff0c\u7bee\u7403\u5df2\u5982\u672c\u80fd\uff0c\u60f3\u5fd8\u6389\u90fd\u505a\u4e0d\u5230\u3002\u201d\u2014\u2014\u4e5f\u8bb8\uff0c\u591a\u6570\u4eba\u662f\u4e3a\u4e86\u4e2a\u4e2d\u70ab\u70b8\u7684\u7403\u6280\u800c\u6765\u3002\u800c\u6211\uff0c\u770b\u5230\u7684\u662f\u68a6\u60f3\u6e17\u900f\u8fdb\u9aa8\u9ad3\uff0c\u5df2\u7136\u8d85\u8d8a\u4e86\u68a6\u60f3\u672c\u8eab\u3002\u4e0d\u8db3\u4e4b\u5904\uff0c\u83ab\u540d\u7684\u8052\u566a\uff0c\u4ee5\u53ca\u6559\u7ec3\u4e0a\u573a\u8fc7\u91cd\u7684\u8bbe\u8ba1\u75d5\u8ff9\u3002\u7bee\u7403\u7248\u300a\u8d64\u7130\u6218\u573a\u300b\uff0c\u540c\u6837\u591a\u7684\u788e\u5c51\u3002""}, {""user"": ""\u043e\u0431\u043b\u043e\u043c\u043e\u0432"", ""start"": ""30"", ""time"": ""2018-09-02 23:54:08"", ""content"": ""\u7c73\u52d2\uff01\uff01\uff01\u4e09\u4e95\u65e2\u89c6\u611f""}]","https://img2.doubanio.com/view/photo/sqxs/public/p2513053401.jpg,https://img9.doubanio.com/view/photo/sqxs/public/p2513053405.jpg,https://img1.doubanio.com/view/photo/sqxs/public/p2513053408.jpg,https://img1.doubanio.com/view/photo/sqxs/public/p2544406797.jpg",https://vt1.doubanio.com/202205191126/22137a6fdbc7bdb560de12262083ba84/view/movie/M/402410634.mp4
7,https://movie.douban.com/subject/4821046/,"麦兆辉,庄文强",5.0,关云长,"甄子丹,姜文,孙俪,方中信,李宗翰",https://img1.doubanio.com/view/photo/s_ratio_poster/public/p957241818.jpg,2011,"动作,传记,历史,古装","中国大陆,中国香港","汉语普通话,粤语",2011-04-26,110,86323,"2.7%,8.6%,39.3%,34.6%,14.7%",东汉末年乱世中，刘备的两位夫人、以及一位未过门的小妾绮兰（孙俪 饰）受困曹营，关云长（甄子丹 饰）为存忠义投降曹操（姜文 饰），但始终不能原谅曹操操控汉室的狼子野心，希望能够重回刘备身边。曹操倾慕关羽之将才以及仁者之心，试图用天下苍生之利益说服后者。适逢袁绍起兵伐曹，关云长于阵斩杀颜良，获封汉寿亭侯，并与张辽（邵兵 饰）结下同袍之谊。曹操将两位刘夫人遣返后，在关云长酒中加入春药，欲使其与绮兰发生不义关系——关云长昔日对同乡绮兰暗怀情意，甚至曾经不惜为她杀死官兵，这段感情终究被叔嫂之礼阻断，清醒过来的关云长携绮兰投奔刘备，沿路冲破重重关卡，留下“过五关斩六将”的千古传奇……,"[{""user"": ""\u90a3\u4e2a\u5deb\u5a46"", ""start"": ""30"", ""time"": ""2011-04-21 16:02:42"", ""content"": ""\u54e6\uff0c\u59dc\u6587\uff0c\u54e6\uff0c\u59dc\u6587\uff0c\u54e6\uff0c\u59dc\u6587\u2026\u2026\u5176\u5b83\u4eba\u90fd\u53ef\u4ee5\u95ea\u4e86""}, {""user"": ""\u5927\u5947\u7279(Grinch)"", ""start"": ""20"", ""time"": ""2011-04-21 16:12:45"", ""content"": ""\u5929\u4e0b\u4e0d\u4e71\u552f\u7eee\u5170\u6dfb\u4e71\u4e5f~\u73b0\u5728\u7684\u4e2d\u56fd\u53e4\u88c5\u7247\u53ea\u4f1a\u73a9\u4e09\u89d2\u604b\u4e86\u5417\uff1f\u5b59\u4fea\u4ece\u5934\u5230\u5c3e\u50cf\u53ea\u5973\u9b3c\u4e00\u6837\uff0c\u6545\u4e8b\u5e73\u6de1\u5982\u6c34\uff0c\u6f14\u5458\u6beb\u65e0\u751f\u6c14\u3002\u53ea\u6709\u59dc\u6587\u7684\u9ebb\u532a\u66f9\u64cd\u80fd\u4e3a\u5f71\u7247\u589e\u6dfb\u4e00\u4e1d\u751f\u6c14\uff0c\u53f0\u8bcd\u5e94\u8be5\u662f\u59dc\u6587\u5373\u5174\u6dfb\u52a0\u7684\uff0c\u5f88\u6709\u4ed6\u7684\u7279\u70b9\u3002\u5f71\u7247\u8fd8\u7528\u4e86\u4e00\u4e2a\u95ed\u95e8\u6740\u654c\u7684\u7701\u94b1\u8868\u73b0\u4e3b\u4e49\u2026\u2026""}, {""user"": ""\u8881\u7267"", ""start"": ""10"", ""time"": ""2011-04-29 21:28:18"", ""content"": ""\u524d\u534a\u573a\u59dc\u6587\u9970\u6f14\u7684\u6bdb\u6cfd\u4e1c\u5728\u5357\u6ce5\u6e7e\u79cd\u5730\uff0c\u540e\u534a\u573a\u53f6\u95ee\u9970\u6f14\u7684\u7504\u5b50\u4e39\u625b\u7740\u4e00\u5757\u7834\u94c1\u5728\u8def\u4e0a\u6253\u5173\u3002""}, {""user"": ""\u5f71\u5b50\u7684\u5f71\u5b50"", ""start"": ""30"", ""time"": ""2011-04-21 00:26:24"", ""content"": ""\u4e94\u8272\u4e94\u5173\u662f\u4eae\u70b9\uff0c\u7279\u522b\u662f\u738b\u5b66\u5175\u7684\u8868\u73b0\u76f8\u5f53\u7a81\u51fa\u3002\u524d\u4e24\u6bb5\u6253\u620f\u5f88\u7cbe\u5f69\uff0c\u7b2c\u4e09\u6bb5\u7559\u767d\u7684\u5904\u7406\u6211\u5f88\u559c\u6b22\uff0c\u8d77\u5230\u4e86\u5f88\u597d\u7684\u5e73\u8861\u8282\u594f\u7684\u4f5c\u7528\u3002\u7ed3\u5c3e\u6709\u70b9\u4e71\uff0c\u59dc\u5927\u7237\u592a\u62a2\u620f\u4e86\u3002""}, {""user"": ""fallingraining"", ""start"": ""20"", ""time"": ""2011-09-16 21:44:38"", ""content"": ""\u8fd9\u7247\u5b50\u5c5e\u4e8e\u9648\u5bff\u770b\u4e86\u8981\u6c14\u6b7b\uff0c\u7f57\u8d2f\u4e2d\u770b\u4e86\u8981\u7b11\u6b7b\u3002\u4eba\u60c5\u5473\u592a\u6d53\u70c8\u4e86\uff0c\u5bfc\u6f14\u5927\u6982\u6ca1\u7814\u7a76\u8fc7\u4e09\u56fd\u65f6\u671f\u7684\u767b\u8bb0\u4eba\u53e3\u662f\u600e\u4e48\u4ece6000\u4e07\u51cf\u5230700\u4e07\u7684\u3002""}]","https://img1.doubanio.com/view/photo/sqxs/public/p801453507.jpg,https://img9.doubanio.com/view/photo/sqxs/public/p809501485.jpg,https://img9.doubanio.com/view/photo/sqxs/public/p915889244.jpg,https://img1.doubanio.com/view/photo/sqxs/public/p958978037.jpg",https://vt1.doubanio.com/202205191126/3b08669e2054200e898bba1ca3be8842/view/movie/M/301030565.mp4
8,https://movie.douban.com/subject/35161298/,罗䁐锡,9.6,新西游记 第八季,"姜虎东,李寿根,殷志源,曹圭贤,表志勋",https://img1.doubanio.com/view/photo/s_ratio_poster/public/p2621042927.jpg,2020,真人秀,韩国,韩语,2020-10-09,39,26662,"81.8%,15.0%,2.6%,0.3%,0.2%","tvN招牌综艺节目《新西游记》将以第八季回归。根据新闻的采访内容，《新西游记》的制作团队和出演人员将于8月投入新一季的首次拍摄。
                                    
                                　　因为COVID-19的影响，这一季不是在海外而是在国内进行拍摄。 预计拍摄时间将持续约2个月，尚未确定播出时间。
                                    
                                　　《新西游记》以大哥姜虎东为首，gagman李寿根、水晶男孩队长殷志源、super junior成员圭贤、WINNER成员宋旻浩，Block B成员P.O固定出演。","[{""user"": ""\u83dc\u4e24\u5305"", ""start"": ""50"", ""time"": ""2020-10-10 10:31:55"", ""content"": ""NG1\u5c31\u662f\u626e\u6210\u4e00\u53ea\u9e1f\u6211\u90fd\u89c9\u5f97\u4ed6\u5e05\u6211\u5e94\u8be5\u662f\u6ca1\u6551\u4e86""}, {""user"": ""#Genial#"", ""start"": ""50"", ""time"": ""2020-10-10 06:44:27"", ""content"": ""\u6258\u8fd9\u7fa4\u4eba\u7684\u798f\uff0c\u53c8\u53ef\u4ee5\u6bcf\u5468\u6781\u5176\u5feb\u4e5090\u5206\u949f\u4e86\uff01\uff01\u4e0d\u77e5\u9053\u571f\u732a\u4ec0\u4e48\u65f6\u5019\u5c31\u4f1a\u5165\u4f0d\uff0c\u4e0d\u77e5\u9053211\u4ec0\u4e48\u65f6\u5019\u53c8\u88ab\u7a81\u7136\u63d0\u8d77\uff0c\u7b2c\u4e00\u96c6\u63d0\u5230\u7684\u5c0f\u9f99\u867epd\u88ab\u6574\u86ca\u5df2\u662f\u5341\u4e8c\u5e74\u524d\uff0c\u4eca\u5929\u8fd9\u7fa4\u4eba\u8fd8\u5728\u4e00\u8d77\u505a\u8282\u76ee\u554a""}, {""user"": ""\ud83e\udd47"", ""start"": ""40"", ""time"": ""2020-10-10 20:58:30"", ""content"": ""\u4e0d\u77e5\u9053\u4e3a\u4ec0\u4e48\u611f\u89c9\u6ca1\u4e4b\u524d\u597d\u770b\u4e86""}, {""user"": ""Lara"", ""start"": ""40"", ""time"": ""2020-10-12 18:33:28"", ""content"": ""\u867d\u8bf4\u524d\u51e0\u5b63\u5c31\u8d8a\u6765\u8d8a\u6709\u6b64\u8d8b\u52bf\u3001\u4f46\u7b2c\u516b\u5b63\u56e0\u5168\u7403\u75ab\u60c5\u5f7b\u5e95\u6ca6\u4e3a\u5ba4\u5185\u6e38\u620f\u7efc\u827a\u8fd8\u662f\u6709\u70b9\u53ef\u60dc\u3001\u8282\u76ee\u5df2\u7ecf\u8131\u79bb\u6700\u521d\u7684\u4e3b\u65e8\u5f88\u8fdc\u4e86\u3002\u4e0d\u8fc7\u5373\u4f7f\u6362\u6389\u914d\u65b9\u4e5f\u662f\u719f\u6089\u7684\u5473\u9053\u3001\u9996\u64ad\u4f9d\u65e7\u7b11\u5230\u5934\u6389\u3001\u8fd9\u5e2e\u4eba(\u542b\u8001\u7f57\u5728\u5185)\u7684\u5316\u5b66\u53cd\u5e94\u5b9e\u5728\u592a\u5999\u4e86\u3002""}, {""user"": ""ereong"", ""start"": ""50"", ""time"": ""2020-10-09 23:35:41"", ""content"": ""\u7b11\u6b7b\u6211\u4e86\u54c8\u54c8\u54c8\u54c8\u54c8\u54c8\u54c8\u54c8\u54c8\u54c8\u54c8\u54c8\u54c8\u54c8\u54c8\u54c8\u54c8\u54c8\u54c8\u54c8\u54c8\u54c8\u54c8\u54c8\u54c8\u54c8\u54c8\u54c8\u54c8\u54c8\u54c8\u54c8\u54c8\u54c8\u54c8\u54c8\u54c8\u54c8\u54c8\u54c8\u54c8\u54c8\u54c8\u54c8\u54c8\u54c8""}]","https://img1.doubanio.com/view/photo/sqxs/public/p2620696258.jpg,https://img1.doubanio.com/view/photo/sqxs/public/p2620972829.jpg,https://img1.doubanio.com/view/photo/sqxs/public/p2620972827.jpg,https://img9.doubanio.com/view/photo/sqxs/public/p2621569796.jpg,https://img2.doubanio.com/view/photo/sqxs/public/p2628638811.jpg",0
9,https://movie.douban.com/subject/2043155/,"谷口悟朗,村田和也,秋田谷典昭,政木伸一,三宅和男,三好正人,鸟羽聪,山田彻,工藤宽显",9.1,反叛的鲁路修,"福山润,樱井孝宏,野上尤加奈,小清水亚美,南央美",https://img2.doubanio.com/view/photo/s_ratio_poster/public/p2517464011.jpg,2006,"科幻,动画",,日本,2006-10-05,46,76367,"65.9%,25.4%,7.2%,0.9%,0.5%","鲁路修本是帝国的王子，在母后遇害后，和失明的妹妹一起被流放到11区（原日本国）作为人质。在那里他们结识了日本王子朱雀，三人共同度过一段美好的童年时光。帝国最终全面攻陷了11区，鲁路修和妹妹的安宁生活再次被剥夺，朱雀和他们也分散了。
                                    
                                　　鲁路修和妹妹隐瞒身份，过着看似平凡的学生生活。然而鲁路修心中对于帝国的仇恨却未停止。他希望摧毁帝国，为妹妹营造一个可以快乐生活的世界。这一切随着神秘少女C.C的出现变得不再遥不可及。
                                    
                                　　此时朱雀也再次出现在他们的生活中，然而残酷的现实让童年的挚友难以重温童年往事。这里没有正义和邪恶，黑暗与光明，有的仅仅是艰难的抉择和难以预料的明天。","[{""user"": ""\u4f0f\u89c1 \u5fae"", ""start"": ""50"", ""time"": ""2012-02-23 02:27:18"", ""content"": ""\u3010\u91cd\u6807\u3011\u8c01\u8981\u90a3\u4e2a\u4e00\u8bdd\u5c01\u795e\u7684\u795e\u68cd\u7ed3\u5c40\u554a\uff01\u4e8c\u5b63\u81ea\u5df1\u5f04\u7684\u70c2\u644a\u5b50\u5c31\u6765\u81ea\u5df1\u6536\u62fe\u597d\u5417\u8c37\u53e3\u5927\u6cb3\u5185\uff01\uff01\u662f\u7684\uff0c\u9c81\u9c81\u6709\u7f6a\uff0c\u7f6a\u65e0\u53ef\u8d66\uff0c\u90a3\u4e48\u90a3\u4e9b\u540c\u6837\u8eab\u8d1f\u7f6a\u5b7d\u7684\u4f60\u4eec\u5462\uff0c\u5361\u83b2\uff0c\u6731\u96c0\uff0c\u5a1c\u5a1c\u8389\uff0c\u672c\u5e94\u8be5\u7ad9\u5728\u4ed6\u8eab\u8fb9\u7684\u4f60\u4eec\uff0c\u5230\u6700\u540e\u865a\u60c5\u5047\u610f\u6094\u4e0d\u5f53\u521d\u5374\u5728\u4ed6\u6d3b\u7740\u65f6\u4ece\u4e0d\u66fe\u54ea\u6015\u4e00\u79d2\u4e3a\u4ed6\u60f3\u8fc7\u7684\u4f60\u4eec\uff0c\u4e3a\u4ec0\u4e48\u4f60\u4eec\u8fd8\u6d3b\u7740\uff0c\u2193\u3010\u63a5\u4e8c\u5b63\u3011""}, {""user"": ""\u5c0f\u63d0\u7434\u594f\u9e23\u66f210"", ""start"": ""40"", ""time"": ""2008-11-08 00:51:36"", ""content"": ""\u9c81\u9c81\u4fee\u53d8\u8eab\u540e\u50cf\u4e2a250\uff5e""}, {""user"": ""\u738b\u8475\u5b89"", ""start"": ""40"", ""time"": ""2012-06-27 21:26:57"", ""content"": ""\u6211\u662f\u9c81\u9c81\u4fee\u7684\u8111\u6b8b\u7c89\uff01""}, {""user"": ""[\u5df2\u6ce8\u9500]"", ""start"": ""50"", ""time"": ""2014-07-12 12:42:06"", ""content"": ""\u6574\u500b\u6545\u4e8b\u90fd\u662f\u70ba23\u8a71\u4e00\u8a71\u5199\u7684 \u5176\u4f59\u90fd\u662f\u76ae\u76f8 \u4f17\u4eba\u80fd\u73a9\u5f97\u55e8\u65e0\u975e\u662f\u624b\u5934\u6709\u4e86\u5927\u578b\u73a9\u5177 \u7b49\u628a\u4ed6\u4eec\u4ece\u90a3\u58f3\u91cc\u6252\u51fa\u6765\u90fd\u662f\u81ed\u76ae\u56ca \u9732\u9732\u7f9e\u662f\u4e2a\u806a\u660e\u7684\u6076\u68cd \u4ec7\u6068\u5e38\u5e38\u8ba9\u4ed6\u8ff7\u5931\u5224\u65ad\u529b \u81f3\u4e8e\u6731\u96c0\u53ea\u662f\u51ed\u72d7\u5c4e\u8fd0\u7ed9\u9732\u9732\u7f9e\u627e\u8870\u7f62\u4e86(\u4ed6\u505a\u7684\u8ddf\u4ed6\u8bf4\u7684\u5b8c\u5168\u4e0d\u662f\u4e00\u5957) \u4e0d\u7136\u9732\u9732\u7f9e\u53ea\u6d8812\u8bdd\u4fbf\u80fd\u4e00\u7edf11\u533a\u5168\u5883 \u7236\u738b\u4f60\u5feb\u51fa\u6765\u7ba1\u7ba1\u554a""}, {""user"": ""\u732b\u8bed\u732b\u5bfb"", ""start"": ""50"", ""time"": ""2011-12-21 13:09:53"", ""content"": ""\u4eba\u8bbe\u5f88\u68d2\uff0c\u4e0d\u8fc7\u5b9e\u5728\u96be\u4ee5\u8ba4\u540c\u6731\u96c0\u90a3\u6837\u7684\u4e3a\u4e86\u4ec0\u4e48 \u5927\u4e49\u800c\u5f11\u7236\u4e4b\u4eba\u2026\u2026\u7136\u540e\u7f16\u5267\u540c\u5b66\u660e\u663e\u5c31\u9075\u5faa\u4e86\u600e\u4e48\u7ea0\u7ed3\u600e\u4e48\u6765\u7684\u53d1\u5c55\u8def\u7ebf\uff0c\u628a\u4e2a\u5267\u60c5\u53d1\u5c55\u7684\u8ba9\u4eba\u770b\u7684\u773c\u7ea0\u8138\u7ea0\u5fc3\u66f4\u7ea0\u7684\u3002\u5b9e\u5c5e\u4e0d\u6613\u554a\uff01\u8f9b\u82e6\u4e86\uff01""}]","https://img9.doubanio.com/view/photo/sqxs/public/p640115936.jpg,https://img1.doubanio.com/view/photo/sqxs/public/p1285892627.jpg,https://img9.doubanio.com/view/photo/sqxs/public/p2162719094.jpg,https://img9.doubanio.com/view/photo/sqxs/public/p2108987235.jpg,https://img1.doubanio.com/view/photo/sqxs/public/p1285893149.jpg",0
10,https://movie.douban.com/subject/1294781/,费德里科·费里尼,9.1,卡比利亚之夜,"朱丽叶塔·马西纳,弗朗索瓦·佩里埃,弗兰卡·马尔齐,多里安·格雷,阿尔多·西尔瓦尼",https://img1.doubanio.com/view/photo/s_ratio_poster/public/p2204675868.jpg,1957,剧情,"意大利,法国",意大利语,1957-05-26,110,33764,"63.2%,30.9%,5.3%,0.4%,0.2%","妓女卡比利亚（茱莉艾塔·玛西娜 Giulietta Masina 饰）一直梦想和自己的爱人过上甜蜜安稳的日子。然而，单纯善良的她在一开始就被男友骗光了钱，并被推入河中，差点丧命。即使遭遇如此羞辱，她还是对爱情充满希望。一次，她在街上偶遇一个刚和女友吵架的男演员，被他邀请 回家过夜。正当她受宠若惊、满心欢喜之际，男演员的女友上门求和，这让卡比利亚再次伤心欲绝。不久，她又在剧场遭遇到一位英俊男子的疯狂追求，起初她有点不自信，但最终还是接受了这位男子的求婚，并变卖所有家产，准备与未婚夫共赴美好新生活。然而，在途中她的未婚夫居然也露出骗子的本性，抢走了她的钱，并差点害死她。一无所有的卡比利亚疯狂痛哭，悲伤欲绝。她独自晃悠在路上，一群活泼的男女从身边经过，他们快乐地边走边唱，欢乐氛围让灰心的卡比利亚受到感染，她的脸上又露出了招牌式的笑容。
                                        
                                    　　本片获得第30届奥斯...","[{""user"": ""\u8354\u679d\u8d85\u4eba"", ""start"": ""50"", ""time"": ""2008-05-26 09:14:21"", ""content"": ""\n\n                                    \u3000\u3000\u5993\u5973\u5361\u6bd4\u5229\u4e9a\uff08\u8331\u8389\u827e\u5854\u00b7\u739b\u897f\u5a1c Giulietta Masina \u9970\uff09\u4e00\u76f4\u68a6\u60f3\u548c\u81ea\u5df1\u7684\u7231\u4eba\u8fc7\u4e0a\u751c\u871c\u5b89\u7a33\u7684\u65e5\u5b50\u3002\u7136\u800c\uff0c\u5355\u7eaf\u5584\u826f\u7684\u5979\u5728\u4e00\u5f00\u59cb\u5c31\u88ab\u7537\u53cb\u9a97\u5149\u4e86\u94b1\uff0c\u5e76\u88ab\u63a8\u5165\u6cb3\u4e2d\uff0c\u5dee\u70b9\u4e27\u547d\u3002\u5373\u4f7f\u906d\u9047\u5982\u6b64\u7f9e\u8fb1\uff0c\u5979\u8fd8\u662f\u5bf9\u7231\u60c5\u5145\u6ee1\u5e0c\u671b\u3002\u4e00\u6b21\uff0c\u5979\u5728\u8857\u4e0a\u5076\u9047\u4e00\u4e2a\u521a\u548c\u5973\u53cb\u5435\u67b6\u7684\u7537\u6f14\u5458\uff0c\u88ab\u4ed6\u9080\u8bf7 \u56de\u5bb6\u8fc7\u591c\u3002\u6b63\u5f53\u5979\u53d7\u5ba0\u82e5\u60ca\u3001\u6ee1\u5fc3\u6b22\u559c\u4e4b\u9645\uff0c\u7537\u6f14\u5458\u7684\u5973\u53cb\u4e0a\u95e8\u6c42\u548c\uff0c\u8fd9\u8ba9\u5361\u6bd4\u5229\u4e9a\u518d\u6b21\u4f24\u5fc3\u6b32\u7edd\u3002\u4e0d\u4e45\uff0c\u5979\u53c8\u5728\u5267\u573a\u906d\u9047\u5230\u4e00\u4f4d\u82f1\u4fca\u7537\u5b50\u7684\u75af\u72c2\u8ffd\u6c42\uff0c\u8d77\u521d\u5979\u6709\u70b9\u4e0d\u81ea\u4fe1\uff0c\u4f46\u6700\u7ec8\u8fd8\u662f\u63a5\u53d7\u4e86\u8fd9\u4f4d\u7537\u5b50\u7684\u6c42\u5a5a\uff0c\u5e76\u53d8\u5356\u6240\u6709\u5bb6\u4ea7\uff0c\u51c6\u5907\u4e0e\u672a\u5a5a\u592b\u5171\u8d74\u7f8e\u597d\u65b0\u751f\u6d3b\u3002\u7136\u800c\uff0c\u5728\u9014\u4e2d\u5979\u7684\u672a\u5a5a\u592b\u5c45\u7136\u4e5f\u9732\u51fa\u9a97\u5b50\u7684\u672c\u6027\uff0c\u62a2\u8d70\u4e86\u5979\u7684\u94b1\uff0c\u5e76\u5dee\u70b9\u5bb3\u6b7b\u5979\u3002\u4e00\u65e0\u6240\u6709\u7684\u5361\u6bd4\u5229\u4e9a\u75af\u72c2\u75db\u54ed\uff0c\u60b2\u4f24\u6b32\u7edd\u3002\u5979\u72ec\u81ea\u6643\u60a0\u5728\u8def\u4e0a\uff0c\u4e00\u7fa4\u6d3b\u6cfc\u7684\u7537\u5973\u4ece\u8eab\u8fb9\u7ecf\u8fc7\uff0c\u4ed6\u4eec\u5feb\u4e50\u5730\u8fb9\u8d70\u8fb9\u5531\uff0c\u6b22\u4e50\u6c1b\u56f4\u8ba9\u7070\u5fc3\u7684\u5361\u6bd4\u5229\u4e9a\u53d7\u5230\u611f\u67d3\uff0c\u5979\u7684\u8138\u4e0a\u53c8\u9732\u51fa\u4e86\u62db\u724c\u5f0f\u7684\u7b11\u5bb9\u3002\n                                        \n                                    \u3000\u3000\u672c\u7247\u83b7\u5f97\u7b2c30\u5c4a\u5965\u65af...\n                            \n(\u5c55\u5f00\u5168\u90e8)\n""}, {""user"": ""\u6b22\u4e50\u5206\u88c2"", ""start"": ""50"", ""time"": ""2013-12-13 19:50:29"", ""content"": ""\u201c\u8fd9\u90e8\u7535\u5f71\u6700\u6253\u52a8\u6211\u7684\u5730\u65b9\u5728\u4e8e\uff0c\u5f53\u6bcf\u4e2a\u4e8b\u4ef6\u5feb\u901f\u8fc7\u53bb\u540e\uff0c\u5728\u6bcf\u4e2a\u6bb5\u843d\u7684\u6700\u540e\u65f6\u523b\uff0c\u95f9\u5267\u90fd\u8f6c\u53d8\u6210\u4e86\u60b2\u5267\u3002\u201d""}, {""user"": ""\u9640\u87ba\u51e1\u8fbe\u53ef"", ""start"": ""50"", ""time"": ""2013-10-23 06:50:58"", ""content"": ""2020-10-23\u4e09\u5237\uff1b\u6559\u5802\u7948\u613f\u3001\u5267\u9662\u50ac\u7720\u3001\u6b22\u821e\u91cd\u751f\u582a\u79f0\u6700\u6fc0\u52a8\u4eba\u5fc3\u6bb5\u843d\uff0c\u5982\u679c\u8bf4\u524d\u534a\u6bb5\u4f9d\u65e7\u6d0b\u6ea2\u7740\u300c\u5927\u8def\u300d\u5f0f\u7684\u73b0\u5b9e\u4e3b\u4e49\uff0c\u90a3\u4e48\u540e\u534a\u6bb5\u5219\u660e\u663e\u5177\u6709\u8bb0\u5fc6/\u68a6\u5883\u7684\u75d5\u8ff9\uff0c\u805a\u5149\u706f\u4e0b\u5934\u6234\u82b1\u51a0\u5fc3\u6000\u68a6\u5e7b\u7684\u5973\u5b50\uff0c\u4f9d\u7a00\u6709\u4e86\u51e0\u5206\u300a\u6731\u4e3d\u53f6\u4e0e\u9b54\u9b3c\u300b\u7684\u76ae\u76f8\u3002\n\n\u65e0\u8bba\u5728\u7ea2\u5c18\u4e2d\u906d\u9047\u8fc7\u591a\u5c11\u6b21\u6d41\u79bb\u6253\u51fb\uff0c\u6c38\u6000\u5e0c\u671b\u6c38\u8fdc\u76f8\u4fe1\u7231\u60c5\uff0c\u5979\u5982\u6b64\u6025\u5207\u5730\u6e34\u6c42\u5149\u660e\uff0c\u6e34\u6c42\u6539\u53d8\u547d\u8fd0\uff0c\u5979\u60f3\u5ff5\u7684\u662f18\u5c81\u65f6\u957f\u53d1\u53ca\u8170\u7684\u81ea\u5df1\uff0c\u5982\u679c\u90a3\u65f6\u76f8\u9047\u8be5\u6709\u591a\u597d\u2014\u2014\u8bbd\u523a\u7684\u662f\uff0c\u518d\u771f\u8bda\u7684\u5fc3\u613f...""}, {""user"": ""shininglove"", ""start"": ""50"", ""time"": ""2016-08-28 21:57:25"", ""content"": "">>>>>>>>>>>>>>>>>>\u5927\u8def""}, {""user"": ""\u51b0\u7ea2\u6df1\u84dd"", ""start"": ""50"", ""time"": ""2015-12-10 18:17:26"", ""content"": ""\u56de\u9f99\u89c2\u5929\u901a\u82d1\u7acb\u6c34\u6865\uff0c\u50cf\u7d20\u70ab\u7279\u5361\u592b\u5361\uff0c\u671b\u4eac\u4e3d\u90fd\u9152\u4ed9\u6865\uff0c\u91ce\u9e21\u540d\u5a9b\u4eec\u671b\u89c1\u4e94\u73af\u7684\u5f69\u8679\uff0c\u63ac\u4e00\u6c6a\u6e05\u6c34\uff0c\u91cd\u65b0\u4e0a\u8def\u3002\u51cc\u6668\u56db\u70b9\uff0c\u5230\u5904\u662f\u5fc3\u7834\u788e\u7684\u58f0\u97f3\u3002""}]","https://img1.doubanio.com/view/photo/sqxs/public/p2500078998.jpg,https://img2.doubanio.com/view/photo/sqxs/public/p2528869821.jpg,https://img3.doubanio.com/view/photo/sqxs/public/p2166662790.jpg,https://img9.doubanio.com/view/photo/sqxs/public/p2528869835.jpg,https://img2.doubanio.com/view/photo/sqxs/public/p2528869833.jpg",0
11,https://movie.douban.com/subject/26979979/,毕鑫业,8.9,一起同过窗 第二季,"武雨泽,徐晓璐,庞瀚辰,李若嘉,于翔",https://img1.doubanio.com/view/photo/s_ratio_poster/public/p2506692879.jpg,2017,"剧情,爱情",中国大陆,汉语普通话,2017-11-30,40,72773,"59.8%,28.1%,9.6%,1.6%,0.9%",新的一学年开始了，结束了大一的骄傲和浮躁之后，桥川、钟白、任逸帆等人顺利进入了大二。肖海洋也通过了大一的考试，如愿以偿没有留级。大一的同窗情谊依旧继续。过了一个假期，大二伊始，旧同学的离开和新同学的加入，让他们之间的关系也发生了微妙变化。顾一心随家人去了美国上学， 毕十三把这份牵挂变成了学习上奋进的动力。转学生许连翘新转入电摄班并貌似带着神秘的任务。原班主任的离开，让原本散漫的电摄班开始团结。人物的新旧交替，和大二课业的丰富与繁重，2015级电摄班大二的同窗故事更加精彩。这时的他们褪去了大一的青涩，迎来大学中成长速度最快的一年。九个人开启了各自的梦想，并在跌跌撞撞中实现自己的梦想。又是一年大学时光的流逝，九位同窗好友之间的情谊越来越浓。,"[{""user"": ""\u4e4b\u6c76"", ""start"": ""50"", ""time"": ""2017-11-30 16:40:44"", ""content"": ""\u674e\u6b8a\u8bcd\u8bf4\u51fa\u201c \u6211\u559c\u6b22\u52a8\u7269\u3001\u8377\u82b1\u3001\u8fd8\u6709\u5e99 \u201c \u65f6\uff0c\u6709\u70b9\u60f3\u54ed""}, {""user"": ""ShadowPlay"", ""start"": ""40"", ""time"": ""2017-11-30 20:00:50"", ""content"": ""\u5927\u4e8c\u54af\uff0c\u53c8\u5230\u4e86\u79bd\u517d\u4eec\u72e9\u730e\u7684\u5b63\u8282""}, {""user"": ""\u5ddd\u6e58\u7ca4\u81ea\u9009"", ""start"": ""30"", ""time"": ""2017-12-14 01:27:14"", ""content"": ""\u8fd9\u90e8\u5267\u91cc\u5b58\u5728\u7740\u6211\u8eab\u8fb9\u5927\u591a\u6570\u4eba\u7684\u5f71\u5b50\uff0c\u5982\u8096\u6d77\u6d0b\u7684\u6709\uff0c\u5982\u6797\u6d1b\u96ea\u7684\u6709\u3002\u800c\u6211\u5c31\u662f\u8fd9\u90e8\u5267\u91cc\u8fde\u540d\u5b57\u90fd\u6ca1\u51fa\u73b0\u8fc7\u7684\u540c\u73ed\u540c\u5b66\u3002\u56fd\u4ea7\u5f71\u89c6\u91cc\u6240\u6709\u81ea\u4ee5\u4e3a\u662f\u7684\u9752\u6625\uff0c\u4e0d\u7ba1\u662f\u597d\u7684\u8fd8\u662f\u574f\u7684\uff0c\u6211\u6c38\u8fdc\u90fd\u53ea\u662f\u4e00\u4e2a\u65c1\u89c2\u8005\u3002\u7231\u60c5\u662f\u4ed6\u4eec\u7684\uff0c\u53cb\u60c5\u662f\u4ed6\u4eec\u7684\uff0c\u9752\u6625\u6d3b\u529b\u4e5f\u662f\u4ed6\u4eec\u7684\u3002\u6211\u53ea\u6709\u6c42\u800c\u4e0d\u5f97\u548c\u529b\u4e0d\u4ece\u5fc3\u3002""}, {""user"": ""\u7f57\u6e05"", ""start"": ""50"", ""time"": ""2017-11-30 20:53:50"", ""content"": ""\u6797\u6d1b\u96ea\u4ee5\u6bd5\u5341\u4e09\u4e3a\u652f\u70b9\u6210\u529f\u6d17\u767d\uff0c\u5e76\u4e14\u62db\u4eba\u5fc3\u75bc\uff0c\u8def\u6865\u5ddd\u4e5f\u4ee5\u9000\u4e00\u6b65\u548c\u8d23\u4efb\u5fc3\uff0c\u6210\u957f\u4e3a\u652f\u70b9\u62db\u4eba\u6c14\uff0c\u4f46\u8ba9\u6211\u4e0d\u7406\u89e3\u7684\u662f\u6bd5\u5341\u4e09\u7684\u60c5\u5546\u771f\u7684\u6709\u8fd9\u4e48\u4f4e\uff0c\u8fd8\u662f\u6545\u610f\u7684\uff01\u5e0c\u671b\u4e0b\u5b63\u53ef\u4ee5\u50cf\u6700\u540e\u4e00\u70b9\uff0c\u8ba9\u5341\u4e09\u4e3b\u52a8\u70b9\uff01\u8fd8\u6709\u5c31\u662f\u8bdd\u5916\u97f3\u660e\u663e\u4e0d\u5e73\u5747\u8861\uff0c\u552f\u4e00\u8d25\u7b14\u5c31\u662f\u611f\u60c5\u7ebf\u592a\u4e71\u5176\u4ed6\u90fd\u8fd8\u597d""}, {""user"": ""\u9065\u8fdc\u661f\u7403\u7684kid"", ""start"": ""50"", ""time"": ""2017-12-07 10:23:18"", ""content"": ""\u6211\u9760\uff0c\u5bfc\u6f14\u795e\u4e86\uff0c11/12\u96c6\u4ed6\u4eec\u7b2c\u4e00\u6b21\u62cd\u6444\u4f5c\u54c1\u8bb2\u7684\u6545\u4e8b\uff0c16\u96c6\u7684\u8bdd\u5267\u5341\u4e09\u5f00\u53e3\u8bf4\u8bdd\uff0c\u8fd9\u53f0\u8bcd\uff0c\u8fd9\u6f14\u6280\uff0c\u5367\u69fd\u592a\u4ed6\u5988\u7cbe\u5f69\u4e86\uff0c\u770b\u54ed\u6211\u4e86\uff0c\u53f0\u8bcd\u53e5\u53e5\u624e\u5fc3\u554a""}]","https://img2.doubanio.com/view/photo/sqxs/public/p2461197922.jpg,https://img1.doubanio.com/view/photo/sqxs/public/p2507746548.jpg,https://img3.doubanio.com/view/photo/sqxs/public/p2505186340.jpg,https://img1.doubanio.com/view/photo/sqxs/public/p2507746568.jpg,https://img1.doubanio.com/view/photo/sqxs/public/p2462861497.jpg",0
12,https://movie.douban.com/subject/26997470/,汤浅政明,8.9,恶魔人：哭泣之子,"内山昂辉,村瀬步,潘惠美,小清水亚美,田中敦子",https://img2.doubanio.com/view/photo/s_ratio_poster/public/p2447081903.jpg,2018,"剧情,动画,奇幻",,日本,2018-01-05,53,51583,"57.8%,31.7%,8.5%,1.3%,0.6%",随着恶魔觉醒，人类世界陷入混乱。性格温柔的男孩与恶魔合体，在神秘好友飞鸟了的指引下，卷入一场残酷、堕落的对抗邪恶之战。,"[{""user"": ""\u54fc\u54fc.floweray"", ""start"": ""50"", ""time"": ""2018-01-05 20:03:59"", ""content"": ""\u6211\u7684\u5988\u554a\uff0c\u6c64\u6d45\u653f\u660e\uff0c\u4f60\u8ba9\u81ea\u7531\u4e4b\u7ffc\u548c\u4e1c\u4eac\u5403\u8d27\u60c5\u4f55\u4ee5\u582a\uff1f\u4eba\u5bb6\u53ea\u662f\u6709\u70b9\u66b4\uff0c\u6709\u70b9\u8650\uff0c\u4f60\u8fd9\u53c8\u66b4\u53c8\u8650\u8fd8\u9ec4\u3002""}, {""user"": ""pumpe"", ""start"": ""50"", ""time"": ""2018-01-08 02:58:33"", ""content"": ""\u7f8e\u5b50\u5e72\u4e86\u7279\u522b\u591a\u6ca1\u6cd5\u513f\u64ad\u7684\u4e8b\u513f\uff0c\u53ef\u662f\u5979\u6d47\u82b1\u81ea\u6170\u8dd1\u6b65\u641e\u5927\u7237\u6211\u90fd\u559c\u6b22\u3002\u8fd9\u5176\u5b9e\u662f\u4e2a\u8ba8\u8bba\u5584\u7684\u52a8\u753b\uff0c\u4f46\u662f\u7279\u522b\u5de8\u559c\u6b22\u7f8e\u5b50\u7684\u771f\u3002\u770b\u4e24\u4e2a\u6076\u9b54\u4eba\u5728\u623f\u9876\u6bd4\u8d5b\u8dd1\u6b65\u8d85\u5e78\u798f\u3002\uff08\u6211\u662f\u5b8c\u5168\u5212\u9519\u4e86\u91cd\u70b9""}, {""user"": ""\u6709\u5495\u7c73"", ""start"": ""50"", ""time"": ""2018-01-05 20:41:35"", ""content"": ""80%\u6d41\u6dcc\u7740\u539f\u4f5c\u7684\u8840\u6db2\u3002\u6c64\u6d45\u5728\u8fd9\u91cc\u7684\u4efb\u52a1\u5e76\u4e0d\u662f\u878d\u5165\u8fc7\u4e8e\u4e30\u5bcc\u7684\u4e2a\u4eba\u98ce\u683c\uff0c\u800c\u662f\u4ee5\u5f71\u50cf\u5f62\u5f0f\u6df1\u5316\u5e76\u5b8c\u7f8e\u4f20\u8fbe\u300a\u6076\u9b54\u4eba\u300b\u7684\u4e0d\u673d\u9b45\u529b\u3002\u300acrybaby\u300b\u6210\u529f\u505a\u5230\u4e86\uff0c\u521a\u5f00\u59cb\u53ef\u80fd\u65e0\u6cd5\u7406\u89e3\u8fd9\u76f8\u6bd4\u5bf9\u901a\u7bc7\u8fdb\u884c\u518d\u6f14\u7ece\u6709\u591a\u4e48\u91cd\u8981\uff0c\u76f4\u5230\u6700\u540e\u4e24\u96c6\uff0c\u4f60\u5728\u8367\u5e55\u524d\u8ddf\u7740\u89d2\u8272\u4e00\u8d77\uff0c\u4ece\u60b2\u6124\uff0c\u5230\u53f7\u6ce3\u3002""}, {""user"": ""Phaedo"", ""start"": ""50"", ""time"": ""2018-01-06 02:47:49"", ""content"": ""\u8bda\u5b9e\u5730\u8bf4\uff0c\u6211\u77e5\u9053\u8fd9\u4e0d\u4f1a\u662f\u4eca\u5e74\u7684\u6700\u4f73\u4e86\u3002123910\u4e94\u8bdd\u8868\u73b0\u6700\u597d\uff0c9\u8bdd\u7684\u60c5\u611f\u7206\u53d1\u529b\u5f88\u597d\uff0c\u4f46\u5e76\u6ca1\u6709\u8fbe\u5230\u5927\u6cb3\u5185\u66fe\u8fbe\u5230\u7684\u717d\u60c5\u9ad8\u5ea6\uff0c\u5c3d\u7ba1\u5982\u6b64\uff0c9\u8bdd\u4ecd\u7136\u50cf\u662f\u4e00\u4e2a\u51b3\u5b9a\u6027\u7684\u4f11\u6b62\u7b26\uff0c\u620f\u8c11\u800c\u54c0\u4f24\uff1b\u524d\u9762\u7684\u5355\u5143\u5267\u81ea\u7136\u6ca1\u95ee\u9898\u3002\u6c64\u6d45\u628a\u4e00\u90e8\u5f20\u529b\u6c89\u7740\u7684\u6f2b\u753b\u6539\u5f97\u4ecd\u8f83\u4e3a\u5fe0\u5b9e\uff0c\u5fc5\u987b\u4e00\u53e3\u6c14\u770b\u5b8c\u5168\u90e8\uff0c\u4e0d\u7136\u4f1a\u61c8\u6020\u7684..""}, {""user"": ""\u6258\u5c3c\u00b7\u738b\u5927\u62ff"", ""start"": ""40"", ""time"": ""2019-03-30 12:58:42"", ""content"": ""\u6c64\u6d45\u653f\u660e\u5bf9\u6c38\u4e95\u8c6a\u539f\u4f5c\u7684\u4e00\u6b21\u73b0\u4ee3\u5316\u8f6c\u5236\uff0c\u7ec8\u4e8e\u539f\u4f5c\u7684\u521b\u4f5c\u7406\u5ff5\u867d\u7136\u6ca1\u6709\u5f71\u54cd\u6c64\u6d45\u5bf9\u753b\u9762\u7684\u521b\u4f5c\u529b\uff0c\u4f46\u7740\u5b9e\u538b\u5236\u4e86\u4ed6\u7684\u89d2\u8272\u7684\u8fdb\u4e00\u6b65\u6316\u6398\u3002\u725b\u5c3e\u5baa\u8f85\u914d\u4e50\u725b\u903c\u5927\u4e86\u3002""}]","https://img1.doubanio.com/view/photo/sqxs/public/p2509806509.jpg,https://img2.doubanio.com/view/photo/sqxs/public/p2509831611.jpg,https://img9.doubanio.com/view/photo/sqxs/public/p2511470764.jpg,https://img3.doubanio.com/view/photo/sqxs/public/p2509933330.jpg",https://vt1.doubanio.com/202205191127/d14998cb21f1e6558aa02f6dc2cd6c96/view/movie/M/302200077.mp4
13,https://movie.douban.com/subject/35243078/,徐昊原,8.7,你好生活 第二季,"尼格买提·热合曼,撒贝宁,蔡明,倪萍,康辉",https://img2.doubanio.com/view/photo/s_ratio_poster/public/p2625659883.jpg,2020,真人秀,汉语普通话,,2020-11-04,51,21507,"47.7%,39.1%,12.0%,1.0%,0.2%",《你好生活》第二季将带领观众完成一场关于生活的旅行，以年轻活力的青春视角，展现生活之美，探寻生活智慧。露天的音乐会，星空下的篝火，闪着泪光的笑容，辽阔草原上的歌声。向生活说一声你好，和综艺频道来一场温暖走心的旅行。综艺频道11月4日晚20:30档播出， 央视网，腾讯视频同步播出,"[{""user"": ""\u5df2\u6ce8\u9500"", ""start"": ""40"", ""time"": ""2020-11-25 19:32:56"", ""content"": ""\u5eb7\u8f89\u8fd9\u4e00\u671f\u633a\u6709\u610f\u601d\u7684\uff0c\u5c3c\u683c\u4e70\u63d0\u592a\u77eb\u60c5\u4e86\u3002\u6492\u8d1d\u5b81\u633a\u591a\u624d\u591a\u827a\u7684\uff0c\u5f88\u4f1a\u6d3b\u8dc3\u6c14\u6c1b\uff0c\u8111\u5b50\u5f88\u7075\u6d3b\u554a""}, {""user"": ""\u5c0f\u70e8"", ""start"": ""50"", ""time"": ""2020-12-04 01:04:05"", ""content"": ""\u6ca1\u60f3\u5230\u6211\u5728\u771f\u4eba\u79c0\u7efc\u827a\u91cc\u840c\u4e0a\u4e86\u65b0\u95fb\u8054\u64ad\uff0c\u5e0c\u671b\u5eb7\u8f89&\u6492\u8d1d\u5b81\u8fd9\u5bf9\u7ec4\u5408\u539f\u5730\u51fa\u9053\uff0c\u540d\u5b57\u6211\u90fd\u60f3\u597d\u4e86\u2014\u2014\u201c\u5149\u8f89\u5b9d\u8d1d\u201d\u3002\u53ef\u7231\u5409\u7965\uff01""}, {""user"": ""\u662f\u8c01"", ""start"": ""50"", ""time"": ""2020-12-15 18:02:27"", ""content"": ""\u5bf9\u4e0d\u8d77 \u6211\u73b0\u5728\u624d\u53d1\u73b0\u8fd9\u4e2a\u5b9d\u85cf\u7efc\u827a \u4e00\u53e3\u6c14\u628a\u66f4\u65b0\u7684\u90fd\u770b\u5b8c\u4e86 \u771f\u7684\u8d85\u7ea7\u559c\u6b22 \u770b\u4e86\u592e\u89c6\u7684\u4e3b\u6301\u4eba\u624d\u77e5\u9053\u4ec0\u4e48\u662f\u771f\u6b63\u7684\u4e3b\u6301\u4eba \u4ed6\u4eec\u5c31\u662f\u4e00\u7fa4\u795e\u4ed9 \u90fd\u90a3\u4e48\u4f18\u79c0 \u770b\u4ed6\u4eec\u4e00\u8d77\u804a\u5929 \u611f\u89c9\u81ea\u5df1\u90fd\u53d8\u5f97\u4f18\u79c0\u4e86 \u54c8\u54c8\u54c8\u54c8 \u5411\u751f\u6d3b\u8bf4\u4f60\u597d""}, {""user"": ""\u767d\u83dc\u5c0f\u59d0\u7267\u7f8a\u66f2"", ""start"": ""30"", ""time"": ""2020-11-05 20:24:38"", ""content"": ""\u5c2c\u3002\u3002\u3002\u6ca1\u6709\u6492\u8d1d\u5b81\u66f4\u5c2c""}, {""user"": ""\u79c3\u5b50"", ""start"": ""30"", ""time"": ""2020-11-30 20:47:46"", ""content"": ""\u8be0\u91ca\u4e86\u4ec0\u4e48\u53eb\u4e00\u4eba\u6491\u8d77\u4e00\u4e2a\u7efc\u827a\uff0c\u6ca1\u6492\u8fd9\u8282\u76ee\u770b\u4e0d\u4e0b\u53bb""}]","https://img2.doubanio.com/view/photo/sqxs/public/p2624761372.jpg,https://img1.doubanio.com/view/photo/sqxs/public/p2624761409.jpg,https://img2.doubanio.com/view/photo/sqxs/public/p2626851742.jpg,https://img9.doubanio.com/view/photo/sqxs/public/p2624761746.jpg,https://img3.doubanio.com/view/photo/sqxs/public/p2626851780.jpg",0
14,https://movie.douban.com/subject/1292625/,维克多·弗莱明,8.2,绿野仙踪,"朱迪·加兰,弗兰克·摩根,雷·博尔格,伯特·拉尔,杰克·黑利",https://img9.doubanio.com/view/photo/s_ratio_poster/public/p2192059845.jpg,1939,"歌舞,奇幻,冒险",,美国,1939-08-12,101,44590,"30.6%,49.8%,18.1%,1.2%,0.3%","小女孩桃乐丝·盖尔（Judy Garland 饰）随叔叔、婶婶住在堪萨斯州中部的农场。某天，龙卷风袭来，为找到心爱的小狗，桃乐丝没能及时躲藏。强大的龙卷风将桃乐丝藏身的小木屋卷入空中。不知经过多久，小木屋终于落到地面，而且把一个邪恶的女巫也给压死了。在善良的北方女巫的指点下，桃乐丝和小狗启程前往魔法师奥兹（Frank Morgan 饰）所居住的翡翠城，祈求他能帮助自己回家。路上，桃乐丝遇见了没有脑子的稻草人（Ray Bolger 饰）、缺少心脏的铁皮人（Jack Haley 饰）以及胆小如鼠的狮子（Bert Lahr 饰），为了实现各自的愿望，他们随桃乐丝一同前行。一路上经历千难万险，更有邪恶的西方女巫处处阻挠，他们的愿望最终能否实现呢？
                                    
                                　　本片根据美国同名童话改编。","[{""user"": ""\u8881\u7267"", ""start"": ""50"", ""time"": ""2010-07-17 01:29:35"", ""content"": ""\u7ae5\u8bdd\u4f1a\u8ba9\u5b69\u5b50\u4eec\u76f8\u4fe1\u9664\u4e86\u81ea\u5df1\u6240\u89c1\u4e4b\u5916\uff0c\u8fd8\u5b58\u5728\u7740\u53e6\u4e00\u4e2a\u4e0e\u4f17\u4e0d\u540c\u7684\u4e16\u754c\u3002\u800c\u5927\u591a\u6570\u4e2d\u56fd\u5bb6\u957f\u5374\u7aed\u529b\u8981\u5b69\u5b50\u660e\u767d\u81ea\u5df1\u6240\u60f3\u975e\u771f\uff0c\u6240\u60f3\u65e0\u7528\u3002\u4ed6\u4eec\u603b\u53eb\u56b7\u4e0d\u8981\u8ba9\u5b69\u5b50\u8f93\u5728\u8d77\u8dd1\u7ebf\u4e0a\uff0c\u800c\u6839\u672c\u4e0d\u77e5\u9053\uff0c\u5728\u62e5\u6709\u4e86\u5deb\u5a46\u3001\u7a3b\u8349\u4eba\u548c\u6843\u4e50\u4e1d\u7684\u7ae5\u5e74\u91cc\uff0c\u513f\u7ae5\u4e0d\u9700\u8981\u8dd1\u6b65\u6bd4\u8d5b\uff0c\u4ed6\u4eec\u5e94\u8be5\u5531\u7740\u6b4c\u3001\u8df3\u7740\u811a\uff0c\u8d70\u5728\u9ec4\u8272\u7816\u5757\u94fa\u6210\u7684\u5c0f\u8def\u4e0a""}, {""user"": ""\u5df4\u5586"", ""start"": ""40"", ""time"": ""2013-05-21 19:38:38"", ""content"": ""1939\u5e74\uff01\u8fd9\u79cd\u7eaf\u771f\u7684\u60f3\u8c61\u529b\u79bb\u6211\u4eec\u592a\u8fdc\u4e86\u30028.2""}, {""user"": ""\u7c73\u7c92"", ""start"": ""40"", ""time"": ""2013-04-12 12:51:38"", ""content"": ""\u4e00\u524d\u4e00\u540e\u989c\u8272\u7684\u5bf9\u6bd4\u8fd8\u771f\u662f\u5389\u5bb3\u554a\uff0c\u5e03\u666f\u534e\u4e3d\u3002\u5c0f\u59d1\u5a18\u5531\u6b4c\u4e0d\u9519\uff0c\u53ef\u4e3a\u4ec0\u4e48\u8001\u662f\u4e00\u526f\u77aa\u7740\u773c\u775b\u7684\u60ca\u6050\u8868\u60c5\u5462\uff01""}, {""user"": ""\u4e5d\u547d\u732b@victor-eyes"", ""start"": ""50"", ""time"": ""2013-07-17 13:04:44"", ""content"": ""\u7528\u300a\u7a46\u8d6b\u5170\u9053\u300b\u7684\u601d\u7ef4\u770b\u6b64\u7247\u66f4\u591a\u4e50\u8da3\u3002\u667a\u6167\u3001\u52c7\u6c14\u3001\u7231\u5fc3\u771f\u662f\u6210\u957f\u4e09\u6cd5\u5b9d\uff0c\u5339\u8bfa\u66f9\u6210\u957f\u4e09\u6cd5\u5b9dbrave, truthful, unselfish\u4e5f\u662f\u771f\u7406\u3002\u5a18\u70ae\u81ea\u604b\u5927\u72ee\u5b50\u597d\u840c\uff0c\u6211\u4e5f\u597d\u60f3\u517b\u4e00\u53ea\u62b1\u62b1\u3002\""A heart is not juded by how much you love, but by how much you are loved by others.\""\u53d7\u6559\u4e86\u3002""}, {""user"": ""\u795e\u4ed9\u9c7c"", ""start"": ""30"", ""time"": ""2019-04-14 19:30:55"", ""content"": ""\u5c0f\u65f6\u5019\u4e0d\u77e5\u770b\u8fc7\u591a\u5c11\u904d\u7684\u6545\u4e8b\u539f\u6837\u91cd\u73b0\u5728\u5927\u94f6\u5e55\u4e0a\uff0c\u770b\u5f97\u4eb2\u5207\u4f46\u5f71\u50cf\u4e0a\u6ca1\u6709\u4ec0\u4e48\u60ca\u559c\u3002\u5c0f\u65f6\u5019\u53ea\u5f53\u5355\u7eaf\u7ae5\u8bdd\u6545\u4e8b\u770b\uff0c\u5982\u4eca\u770b\u6765\u9664\u4e86\u6d89\u53ca\u4e00\u70b9\u68a6\u5883\u7684\u89e3\u6790\u5916\uff0c\u8fd8\u6709\u5bf9\u8fb9\u7f18\u4eba\u548c\u540c\u5fd7\u7fa4\u4f53\uff08over the rainbow\u548ccome out\u7684\u5531\u8bcd\uff09\u7684\u5e73\u6743\u652f\u6301\uff0c\u8ba9\u4ed6\u4eec\u610f\u8bc6\u5230\u81ea\u5df1\u672c\u5c31\u62e5\u6709\u53ea\u662f\u88ab\u6050\u60e7\u906e\u853d\u7684\u300c\u5934\u8111\u300d\u300c\u5fc3\u7075\u300d\u4e0e\u300c\u52c7\u6c14\u300d\u3002\u4e0e\u6b64\u540c\u65f6\u9020\u5c31\u4e00\u4ee3gay icon\u6731\u8fea\u00b7\u52a0\u5170\u3002""}]","https://img2.doubanio.com/view/photo/sqxs/public/p811392221.jpg,https://img9.doubanio.com/view/photo/sqxs/public/p2151444685.jpg,https://img1.doubanio.com/view/photo/sqxs/public/p2370995857.jpg,https://img2.doubanio.com/view/photo/sqxs/public/p2511313622.jpg",https://vt1.doubanio.com/202205191127/52721aeb10e261af7b1396c80a4d5949/view/movie/M/301620017.mp4
15,https://movie.douban.com/subject/1292267/,加斯·詹宁斯,8.1,银河系漫游指南,"比尔·贝利,安娜·钱斯勒,沃维克·戴维斯,茅斯·达夫,佐伊·丹斯切尔",https://img2.doubanio.com/view/photo/s_ratio_poster/public/p1985335323.jpg,2005,"喜剧,科幻,冒险","美国,英国",英语,2005-04-20,109,111560,"33.4%,43.0%,19.8%,3.0%,0.8%",每个人都曾经历过懊恼糟糕的早晨。懒床睡过了点，起床弄伤了脚趾，下楼磕了头，早餐烤焦了面包，阿瑟· 登特(马丁·弗里曼饰)的这个早上可谓衰运当头，而且还远不止这些。政府已经决定拆掉他的房子，好友福特·普里弗克特(摩斯·德夫饰)承认自己是个外星人，正在地球上寻找新版《银河系漫游指南》。最耸人听闻的是，外星人正在建造银河系高速公路，而地球是阻挡工程进展的障碍物，外星人即将摧毁地球。在福特的帮助下，阿瑟·登特在地球被毁灭前的最后一刻搭上了一艘路过地球的外星人的太空船，远离这个即将毁灭的伤心地，开始了一段充满惊奇的星河探险。在太空之旅中，阿瑟发现毛巾是宇宙里最有用的东西，并体会到了生命的精确含义，更发现所有他需要知道的一切居然都写在一本名叫《银河系漫游指南》的电子图书里……,"[{""user"": ""\u6d41\u7a7a\u7834\u5203"", ""start"": ""50"", ""time"": ""2011-02-07 15:29:52"", ""content"": ""\u8fd9\u662f\u4e00\u90e8fans\u62cd\u51fa\u6765\u7684\u7535\u5f71\uff0c\u800c\u8fd9\u79cd\u4e1c\u897f\u7684\u7279\u6027\u662f\uff0c\u53ef\u80fd\u5f88\u70c2\uff0c\u6ca1\u6574\u4f53\u6027\uff0c\u4ece\u53d9\u4e8b\u89d2\u5ea6\u8bb2\u7b80\u76f4\u4e71\u4e03\u516b\u7cdf\uff0c\u4f46\u603b\u6709\u90a3\u4e48\u51e0\u4e2a\u8ba9\u4f60\u89c9\u5f97\u201c\u54c8\u54c8\u54c8\u771f\u4e0d\u9519\u201d\u7684\u70b9\u3002\u6700\u540e\u5176\u5b9e\u8fd9\u53e5\u8bdd\u6211\u60f3\u62fc\u51fa\u6765\u5f88\u4e45\u4e86\uff1a\u518d\u89c1\uff0c\u591a\u8c22\u4f60\u4eec\u7684\u9c7c\uff0c\u6211\u4eec\u8981\u53bb\u5b87\u5b99\u5c3d\u5934\u7684\u9910\u9986\uff0c\u987a\u4fbf\u804a\u804a\u751f\u547d\uff0c\u5b87\u5b99\u53ca\u4e00\u5207\uff0c\u4e0d\u8981\u6050\u614c\uff0c\u90a3\u662f\u4e00\u4e2a\u57fa\u672c\u4e0a\u65e0\u5bb3\u7684\u5730\u65b9\u3002""}, {""user"": ""\u670b\u514b\u5e03\u83b1\u514b"", ""start"": ""50"", ""time"": ""2011-07-14 20:35:37"", ""content"": ""\u5730\u7403\u662f\u8001\u9f20\u59d4\u6258\u5236\u9020\u7684\u4ea7\u54c1\uff0c\u5b87\u5b99\u4e2d\u6240\u6709\u95ee\u9898\u7684\u7b54\u6848\u662f42\uff0cWHAT?""}, {""user"": ""conythebunny*"", ""start"": ""50"", ""time"": ""2008-03-03 21:49:06"", ""content"": ""\u54e6\uff0cmarvin\u7adf\u7136\u662falan....""}, {""user"": ""fingcat"", ""start"": ""40"", ""time"": ""2010-07-21 23:02:08"", ""content"": ""\u8c37\u6b4c\u8ba1\u7b97\u5668\uff1athe answer to life, the universe, and everything=42""}, {""user"": ""\u98ce\u94c3\u5b50"", ""start"": ""30"", ""time"": ""2009-09-09 23:31:38"", ""content"": ""\u72b9\u8c6b\u673a\u5668\u4eba\u6bd4\u8f83\u53ef\u7231""}]","https://img3.doubanio.com/view/photo/sqxs/public/p720370070.jpg,https://img3.doubanio.com/view/photo/sqxs/public/p1495044770.jpg,https://img1.doubanio.com/view/photo/sqxs/public/p1495042349.jpg,https://img9.doubanio.com/view/photo/sqxs/public/p1495037764.jpg",https://vt1.doubanio.com/202205191127/271f25d69bbfcbf64f8074856d74d78f/view/movie/M/301440571.mp4
16,https://movie.douban.com/subject/26437237/,"关家永,丹尼尔·施纳特",7.8,瑞士军刀男,"保罗·达诺,丹尼尔·雷德克里夫,玛丽·伊丽莎白·温斯特德,蒂莫西·尤里齐,玛丽卡·卡斯蒂尔",https://img9.doubanio.com/view/photo/s_ratio_poster/public/p2328680655.jpg,2016,"喜剧,奇幻,冒险",,美国,2016-01-22,97,95774,"24.1%,45.8%,25.2%,3.8%,1.1%","在一个荒无人烟的小岛上，不善于和人沟通的汉克（保罗·达诺 Paul Dano 饰）对人生早已绝望，于是他决定亲手了结自己的性命。就在关键时刻，一具尸体漂到沙滩上。该尸体（丹尼尔·雷德克里夫 Daniel Radcliffe 饰）臭屁连天，虽然苍白浮肿，却似乎有生命一般。汉克大喜过望，为这个不同寻常的朋友其名曼尼。更令他兴奋不已的是，曼尼就好像一把多功能的瑞士军刀，帮他解决了诸如生火、砍树、饮水等诸多现实问题。曼尼的出现为汉克打开新世界的大门，死神似乎就此遁去。失败者汉克拥抱着属于他的奇幻的世界。
                                    
                                　　汉克与曼尼，这对古怪的朋友启程踏上一段不寻常的旅途……","[{""user"": ""\u5343\u9633\u745c"", ""start"": ""50"", ""time"": ""2016-09-23 23:42:22"", ""content"": ""\u4e16\u754c\u4e0a\u6ca1\u6709\u4eba\u559c\u6b22\u4f60\uff0c\u4f60\u5fc3\u788e\u53c8\u7a7a\u865a\uff0c\u53c8\u810f\u53c8\u81ed\u8fd8\u53c8\u8001\u53c8\u6ca1\u7528\uff0c\u50cf\u5783\u573e\u4e00\u6837""}, {""user"": ""\u5f71\u5fd7"", ""start"": ""40"", ""time"": ""2016-09-24 01:56:34"", ""content"": ""\u201c\u4f60\u8d8a\u4e86\u89e3\u6211\uff0c\u4f60\u5c31\u4f1a\u8d8a\u4e0d\u559c\u6b22\u6211\u201d \u5c4e\u5c3f\u5c41\u7684\u5c0f\u6e05\u65b0\uff0c\u4ece\u672a\u6709\u8fc7\u7684\u89c2\u5f71\u4f53\u9a8c\uff0c\u96c0\u8dc3\u7740\u3001\u66a7\u6627\u7740\u3001\u60b2\u4f24\u7740\u2026\u2026\u90a3\u4e9b\u79bb\u5f00\u7684\u3001\u89e3\u4e0d\u5f00\u7684\u3001\u4ece\u672a\u6253\u5f00\u7684\uff0c\u624d\u662f\u8fd9\u4e2a\u4e16\u754c\u4e0a\u6700\u5947\u5999\u800c\u5f25\u8db3\u73cd\u8d35\u7684\u3002""}, {""user"": ""\u7c73\u7c92"", ""start"": ""30"", ""time"": ""2016-07-02 09:44:52"", ""content"": ""\u8fd9\u4e2a\u5395\u6240\u7b11\u8bdd\u7535\u5f71\u62cd\u6210\u77ed\u7247\u5dee\u4e0d\u591a\u5566\uff0c\u5f04\u5230\u8fd9\u4e48\u957f\u5c31\u4e0d\u5fc5\u4e86\u5427\u3002\u672c\u4ee5\u4e3a\u6700\u540e\u4f1a\u6765\u4e2a\u5347\u534e\u7684\u7ed3\u679c\u4e5f\u6ca1\u6709\u3002\u603b\u4f53\u611f\u89c9\u548c\u7ed3\u5c3e\u51fa\u73b0\u7684\u59d1\u5a18\u8bf4\u5f97\u4e00\u6837\uff1a\""what the fuck...\""""}, {""user"": ""\u738b\u5927\u6839"", ""start"": ""40"", ""time"": ""2016-09-24 20:51:56"", ""content"": ""\u8fd9\u5b9e\u5728\u592a\u60b2\u4f24\u592a\u60b2\u4f24\u4e86""}, {""user"": ""Oasis"", ""start"": ""50"", ""time"": ""2016-09-23 23:03:19"", ""content"": ""\u4eca\u5e74\u76ee\u524d\u4e3a\u6b62\u6700\u4f73\u7535\u5f71\uff0c\u8352\u8bde\u9ed1\u8272\u5e7d\u9ed8\u4e0e\u5c0f\u6e05\u65b0\u5b8c\u7f8e\u7ed3\u5408\uff0c\u770b\u4f3c\u559c\u5267\uff0c\u5374\u505a\u4e86\u597d\u591a\u4eba\u751f\u54f2\u5b66\u7684\u63a2\u8ba8\uff0c\u7acb\u610f\u5f88\u9ad8\uff0c\u8111\u6d1e\u5f88\u5927\uff0c\u6f14\u6280\u5f88\u597d\uff0c\u53f0\u8bcd\u5f88\u68d2\u3002(\u56e0\u4e3a\u4e5f\u8bb8\u6709\u4e00\u5929\uff0c\u4f60\u53d8\u7684\u5c4e\u4f1a\u548c\u6211\u53d8\u7684\u5c4e\u7684\u76f8\u9047\uff0c\u6211\u4eec\u8fd8\u662f\u6709\u5954\u5934\u7684\uff0c\u4f60\u77e5\u9053\u5417\uff1f)""}]","https://img9.doubanio.com/view/photo/sqxs/public/p2498177415.jpg,https://img9.doubanio.com/view/photo/sqxs/public/p2373873756.jpg,https://img1.doubanio.com/view/photo/sqxs/public/p2498177367.jpg,https://img9.doubanio.com/view/photo/sqxs/public/p2498177584.jpg",https://vt1.doubanio.com/202205191127/0a908d1a53109d29f4a890b169622ef4/view/movie/M/301960250.mp4
17,https://movie.douban.com/subject/35236745/,,7.8,恰好是少年,"董子健,刘昊然,王俊凯,金大川,彭昱畅",https://img3.doubanio.com/view/photo/s_ratio_poster/public/p2636874360.jpg,2021,真人秀,,8,2021-04-11,55,43427,"25.7%,45.6%,23.5%,4.5%,0.7%",是一档聚焦原生友情的真人秀，由董子健、刘昊然、王俊凯担任常驻嘉宾。节目通过真实记录三位艺人实现心愿旅途的过程，展开一场原色少年放飞计划。同时希望通过节目中对三位少年旅途中所见所感的描绘，唤起用户对旅行的向往， 怀念重拾少年之心。,"[{""user"": ""\u5c0f\u6797\u4e0d\u662f\u674e\u6600\u9510"", ""start"": ""30"", ""time"": ""2021-04-12 22:34:19"", ""content"": ""\u8463\u5b50\u5065\u662f\u5e74\u8f7b\u4e00\u4ee3\u91cc\u6700\u5e78\u8fd0\u7684\u7537\u6f14\u5458\u5417\uff0c\u5bb6\u4e16\u597d\u5929\u8d4b\u9ad8\uff0c\u4e0d\u9a84\u7eb5\u4e0d\u62e7\u5df4\uff0c\u6d41\u661f\u5212\u8fc7\u8111\u5b50\u91cc\u60f3\u7684\u662f\u201c\u795d\u4e2d\u56fd\u7535\u5f71\u8d8a\u6765\u8d8a\u597d\uff0c\u8e29\u7740\u6211\u7684\u5c38\u4f53\u4e5f\u53ef\u4ee5\u3002\u201d\u5df2\u7ecf\u8eab\u4e3a\u4eba\u592b\u4e0e\u4eba\u7236\uff0c\u773c\u775b\u5c45\u7136\u6bd4\u300a\u9752\u6625\u6d3e\u300b\u7684\u65f6\u5019\u8fd8\u8981\u6e05\u6f88\uff0c\u7075\u6c14\u4e1d\u6beb\u6ca1\u6709\u88ab\u78e8\u635f\uff0c\u8fd8\u957f\u4e86\u4e00\u5f20\u88ab\u8d4b\u4e88\u4efb\u4f55\u6545\u4e8b\u90fd\u4e0d\u8fdd\u548c\u7684\u8138\u3002\u6b64\u5904\u518d\u6b21\u62c9\u8e29\u4e00\u4e0b\u5f6d\u6631\u7545\uff0c\u53bb\u7efc\u827a\u91cc\u6253\u6eda\u4e86\u4e00\u5708\uff0c\u6f14\u6280\u8fd8\u5728\uff0c\u5374\u5df2\u7ecf\u6709\u4e86\u201c\u949d\u201d\u611f\u3002\u4e2d\u56fd\u6587\u827a\u7247\u8d76\u7d27\u6392\u7740\u961f\u6765\u627e\u8463\u5b50\u5065\u6f14\uff0c\u79e6\u660a\u5df2\u7ecf\u4e0d\u4e2d\u7528\u4e86\u3002""}, {""user"": ""\u963f\u4e94"", ""start"": ""40"", ""time"": ""2021-04-11 21:07:38"", ""content"": ""\u4e09\u4e2a\u4eba\u63d2\u79d1\u6253\u8be8\u7684part\u86ee\u6709\u610f\u601d\u7684\uff0c\u8463\u5b50\u5065\u4e0d\u6127\u662f\u5e74\u7eaa\u6700\u5927\u7684\u4e00\u4e2a\u548c\u5f1f\u5f1f\u4eec\u53ef\u4ee5\u6253\u6253\u95f9\u95f9\u4f46\u5728\u5173\u952e\u65f6\u523b\u53c8\u5f88\u9760\u8c31\uff0c\u4ee5\u53ca\u5c0f\u51ef\u7684\u9ad8\u53cd\u6211\u6709\u611f\u540c\u8eab\u53d7\u5230\uff0c\u8fd9\u79cd\u5403\u4e0d\u597d\u7761\u4e0d\u597d\u7684\u65c5\u884c\u6211\u662f\u4e0d\u884c\u7684\u54c8\u54c8\u54c8\u54c8\u54c8""}, {""user"": ""\u6c34\u871c\u6843\u6c7d\u6c34"", ""start"": ""40"", ""time"": ""2021-04-11 23:08:49"", ""content"": ""\u82b1\u513f\u4e0e\u5c11\u5e74\u7684\u7eaf\u5c11\u5e74\u7248\uff0c\u8d35\u5728\u771f\u5b9e\uff0c\u7761\u89c9\u5435\u5218\u660a\u7136\u90a3\u6bb5\u8981\u7b11\u6b7b\u4e86\u3002\u6211\u8ddf\u660a\u7136\u4e00\u6837\uff0c\u51fa\u53bb\u65c5\u6e38\u6c38\u8fdc\u662f\u7761\u7684\u6700\u65e9\u7684\u90a3\u4e2a\uff0c\u7279\u522b\u80fd\u7406\u89e3\u4ed6\u54c8\u54c8\u54c8\uff01\u4ed6\u4eec\u9009\u7684\u8fd9\u4e09\u6761\u7ebf\u6211\u90fd\u53bb\u8fc7\uff0c\u98ce\u666f\u7edd\u7f8e\uff01""}, {""user"": ""\u662f\u6247\u8d1d\u5417"", ""start"": ""40"", ""time"": ""2021-04-11 23:39:37"", ""content"": ""\u5c0f\u51ef\u771f\u662f\u597d\u770b\u7684\u76ae\u56ca\u4e0e\u6709\u8da3\u7684\u7075\u9b42\u7684\u7ed3\u5408\u4f53\uff01""}, {""user"": ""\u5f52\u9014\u4e5f\u8fd8\u53ef\u7231"", ""start"": ""40"", ""time"": ""2021-04-27 22:30:42"", ""content"": ""\u4e0d\u540c\u610f\u8bc4\u8bba\u8bf4\u660a\u7136\u5f1f\u5f1f\u6210\u4e3a\u4e86\u4e2d\u56fd\u5f88\u666e\u901a\u7684\u7537\u5b69\u6837\u5b50\uff01\u7b2c\u4e00\u671f\u5728\u5750\u8f66\u9014\u4e2d\u7528\u624b\u5728\u8f66\u7a97\u73bb\u7483\u4e0a\u63cf\u6479\u7a97\u5916\u5c71\u7684\u6a21\u6837\u771f\u7684\u592a\u6233\u6211\u5566\uff01\uff01""}]","https://img3.doubanio.com/view/photo/sqxs/public/p2636755480.jpg,https://img9.doubanio.com/view/photo/sqxs/public/p2636755505.jpg,https://img1.doubanio.com/view/photo/sqxs/public/p2638261789.jpg,https://img1.doubanio.com/view/photo/sqxs/public/p2638261818.jpg",https://vt1.doubanio.com/202205191127/08761c4ea484f78f9008033cca6cc7b9/view/movie/M/402740098.mp4
18,https://movie.douban.com/subject/25944886/,詹姆斯·弗兰科,7.5,灾难艺术家,"詹姆斯·弗兰科,戴夫·弗兰科,塞斯·罗根,艾莉·葛瑞那,爱丽森·布里",https://img2.doubanio.com/view/photo/s_ratio_poster/public/p2498866082.jpg,2017,"剧情,喜剧,传记",,美国,2017-09-11,103,47655,"17.1%,47.8%,30.8%,3.5%,0.9%","詹姆斯·弗兰科从去年起就计划将邪典电影《房间》的拍摄过程搬上银幕，近日该片不仅确定了片名《灾难艺术家》(The Disaster Artist)，还找来了以投拍发行恐怖电影为主的新线影业做接盘侠。
                                        
                                    　　2003年上映的《房间》是托米·韦素自编自导自演的一部邪典电影，该片被很多人视作最烂电影之一。不过，影片完全烂出了风格与境界，甚至被称为“烂片界的《公民凯恩》”。影片基本上就是围绕着托米·韦素饰演的主人公与他的未婚妻以及最好朋友之间的三角恋情展开，无论是演员的渣演技、剧情的神转折还是毫无美感的运镜都让人印象深刻。2013年，参演《房间》的演员之一格雷·戈泽斯特洛和汤姆·比塞尔联合出版了《灾难艺术家》，回顾了该片的拍摄过程。戈泽斯特洛在书中写到，托米·韦素在开拍此片时完全没有任何电影制作经验。
                                        
                                    　　弗兰兰在担任该片导演的同时，还会出演托米·韦素，他的弟弟戴夫·弗...","[{""user"": ""\u540c\u5fd7\u4ea6\u51e1\u4eba\u4e2d\u6587\u7ad9"", ""start"": ""50"", ""time"": ""2017-11-26 16:35:09"", ""content"": ""\n\n                                    \u3000\u3000\u8a79\u59c6\u65af\u00b7\u5f17\u5170\u79d1\u4ece\u53bb\u5e74\u8d77\u5c31\u8ba1\u5212\u5c06\u90aa\u5178\u7535\u5f71\u300a\u623f\u95f4\u300b\u7684\u62cd\u6444\u8fc7\u7a0b\u642c\u4e0a\u94f6\u5e55\uff0c\u8fd1\u65e5\u8be5\u7247\u4e0d\u4ec5\u786e\u5b9a\u4e86\u7247\u540d\u300a\u707e\u96be\u827a\u672f\u5bb6\u300b(The Disaster Artist)\uff0c\u8fd8\u627e\u6765\u4e86\u4ee5\u6295\u62cd\u53d1\u884c\u6050\u6016\u7535\u5f71\u4e3a\u4e3b\u7684\u65b0\u7ebf\u5f71\u4e1a\u505a\u63a5\u76d8\u4fa0\u3002\n                                        \n                                    \u3000\u30002003\u5e74\u4e0a\u6620\u7684\u300a\u623f\u95f4\u300b\u662f\u6258\u7c73\u00b7\u97e6\u7d20\u81ea\u7f16\u81ea\u5bfc\u81ea\u6f14\u7684\u4e00\u90e8\u90aa\u5178\u7535\u5f71\uff0c\u8be5\u7247\u88ab\u5f88\u591a\u4eba\u89c6\u4f5c\u6700\u70c2\u7535\u5f71\u4e4b\u4e00\u3002\u4e0d\u8fc7\uff0c\u5f71\u7247\u5b8c\u5168\u70c2\u51fa\u4e86\u98ce\u683c\u4e0e\u5883\u754c\uff0c\u751a\u81f3\u88ab\u79f0\u4e3a\u201c\u70c2\u7247\u754c\u7684\u300a\u516c\u6c11\u51ef\u6069\u300b\u201d\u3002\u5f71\u7247\u57fa\u672c\u4e0a\u5c31\u662f\u56f4\u7ed5\u7740\u6258\u7c73\u00b7\u97e6\u7d20\u9970\u6f14\u7684\u4e3b\u4eba\u516c\u4e0e\u4ed6\u7684\u672a\u5a5a\u59bb\u4ee5\u53ca\u6700\u597d\u670b\u53cb\u4e4b\u95f4\u7684\u4e09\u89d2\u604b\u60c5\u5c55\u5f00\uff0c\u65e0\u8bba\u662f\u6f14\u5458\u7684\u6e23\u6f14\u6280\u3001\u5267\u60c5\u7684\u795e\u8f6c\u6298\u8fd8\u662f\u6beb\u65e0\u7f8e\u611f\u7684\u8fd0\u955c\u90fd\u8ba9\u4eba\u5370\u8c61\u6df1\u523b\u30022013\u5e74\uff0c\u53c2\u6f14\u300a\u623f\u95f4\u300b\u7684\u6f14\u5458\u4e4b\u4e00\u683c\u96f7\u00b7\u6208\u6cfd\u65af\u7279\u6d1b\u548c\u6c64\u59c6\u00b7\u6bd4\u585e\u5c14\u8054\u5408\u51fa\u7248\u4e86\u300a\u707e\u96be\u827a\u672f\u5bb6\u300b\uff0c\u56de\u987e\u4e86\u8be5\u7247\u7684\u62cd\u6444\u8fc7\u7a0b\u3002\u6208\u6cfd\u65af\u7279\u6d1b\u5728\u4e66\u4e2d\u5199\u5230\uff0c\u6258\u7c73\u00b7\u97e6\u7d20\u5728\u5f00\u62cd\u6b64\u7247\u65f6\u5b8c\u5168\u6ca1\u6709\u4efb\u4f55\u7535\u5f71\u5236\u4f5c\u7ecf\u9a8c\u3002\n                                        \n                                    \u3000\u3000\u5f17\u5170\u5170\u5728\u62c5\u4efb\u8be5\u7247\u5bfc\u6f14\u7684\u540c\u65f6\uff0c\u8fd8\u4f1a\u51fa\u6f14\u6258\u7c73\u00b7\u97e6\u7d20\uff0c\u4ed6\u7684\u5f1f\u5f1f\u6234\u592b\u00b7\u5f17...\n                            \n(\u5c55\u5f00\u5168\u90e8)\n""}, {""user"": ""Euron Greyjoy"", ""start"": ""50"", ""time"": ""2017-12-03 20:03:20"", ""content"": ""\u522b\u4eba\u7b11\u6211\u592a\u75af\u766b\uff0c\u6211\u7b11\u522b\u4eba\u7231\uff01\u70c2\uff01\u7247\uff01\u5173\u4e8e\u5f71\u53f2\u6700\u7ecf\u5178\u70c2\u7247\u7684\u8bde\u751f\uff0c\u8ff7\u5f71\u60c5\u7ed3\u548c\u65e0\u5fc3\u63d2\u67f3\u6210\u5c31\u4e86\u559c\u5267\u7684\u6700\u9ad8\u5883\u754c\u3002\u4ed8\u5170\u5170\u7684\u8868\u6f14\u592a\u725b\u4e86~~~~\uff08\u670925\u5206\u949f\u662f\u539f\u5c01\u4e0d\u52a8\u7684\u8fd8\u539f\u554a\uff0c\u7b11\u5230\u80a0\u7a7f\u809a\u70c2\uff01\uff01\uff01\uff09""}, {""user"": ""RKO"", ""start"": ""30"", ""time"": ""2017-12-02 18:37:17"", ""content"": ""\u5f53\u5e74\u770b\u300a\u623f\u95f4\u300b\u7684\u65f6\u5019\u505a\u68a6\u4e5f\u6ca1\u60f3\u5230\u6211\u4f1a\u6709\u4e3a\u6c64\u7c73\u97e6\u7d20\u611f\u52a8\u6d41\u6cea\u7684\u4e00\u5929\u554a\ud83d\ude02""}, {""user"": ""\u820c\u5728\u8db3\u77e3"", ""start"": ""40"", ""time"": ""2017-11-11 10:27:44"", ""content"": ""Hahaha, what a story""}, {""user"": ""\u738b\u5927\u6839"", ""start"": ""40"", ""time"": ""2018-01-17 00:42:31"", ""content"": ""\u53e6\u4e00\u79cd\u300c\u9e1f\u4eba\u300d\uff0c\u8fd9\u624d\u662f\u771fUnexpected Virtue of Ignorance\u3002\u867d\u7136\u662f\u6309\u7167\u52b1\u5fd7\u4f20\u8bb0\u7247\u7684\u5957\u8def\u62cd\uff0c\u4f46\u56e0\u4e3a\u5bf9\u8c61\u662fTommy Wiseau\u4ee5\u53ca\u300c\u623f\u95f4\u300d\u8fd9\u79cd\u60ca\u4e16\u5927\u70c2\u7247\uff0c\u6700\u7ec8\u7684\u6548\u679c\u5374\u662f\u975e\u5e38\u5947\u7279\u3002James Franco\u7cbe\u51c6\u7684\u6355\u6349\u5230\u4e86Wiseau\u653e\u98de\u81ea\u6211\u7684\u72b6\u6001\uff0c\u4e0e\u5f1f\u5f1fDave\u4e4b\u95f4\u7684chemistry\u66f4\u662f\u53ef\u5708\u53ef\u70b9""}]","https://img1.doubanio.com/view/photo/sqxs/public/p2516330717.jpg,https://img9.doubanio.com/view/photo/sqxs/public/p2516330724.jpg,https://img9.doubanio.com/view/photo/sqxs/public/p2506711675.jpg,https://img1.doubanio.com/view/photo/sqxs/public/p2506711207.jpg",https://vt1.doubanio.com/202205191127/f3289a8ca1d5c61bd7bbc5f07f0c8dc6/view/movie/M/302230932.mp4
19,https://movie.douban.com/subject/1307210/,克里斯托弗·诺兰,7.5,失眠症,"阿尔·帕西诺,希拉里·斯万克,罗宾·威廉姆斯,马丁·唐文,乔纳森·杰克逊",https://img1.doubanio.com/view/photo/s_ratio_poster/public/p1150166738.jpg,2002,"剧情,悬疑,惊悚,犯罪","美国,加拿大",英语,2002-05-03,118,49955,"14.5%,50.1%,33.2%,2.0%,0.2%","Will Dormer（阿尔·帕西诺 Al Pacino 饰）与搭档Hap Eckhart（马丁·唐文 Martin Donovan 饰）来到远离洛杉矶一处日不落的小镇阿拉斯加，调查一名17岁少女被活活殴打致死的案件。阿拉斯加一名女警察llie Burr（希拉里·斯万克 Hilary Swank 饰）对Dormer的办案手法由衷感到敬畏，努力在查案过程中学习。而此刻的多莫其实已经麻烦缠身，他在洛杉矶抓获了一个案件嫌疑人，因为要将其定罪，不得不捏造了假证据，此事已被内务部调查。Hap想向内务部坦诚真相并认为对Dormer也是好事，不过Dormer不这样想。
                                        
                                    　　在引诱真凶的围捕中，Dormer在大雾中失误打死Hap，Hap临死前认为Dormer是故意打死自己的。在陈述事件时Dormer本能性地说那枪是凶手开的。然而在良心的压力和日不落的环境下，他患上了严重...","[{""user"": ""\u6613\u8001\u90aa"", ""start"": ""40"", ""time"": ""2012-09-05 01:08:30"", ""content"": ""\n\n                                    \u3000\u3000Will Dormer\uff08\u963f\u5c14\u00b7\u5e15\u897f\u8bfa Al Pacino \u9970\uff09\u4e0e\u642d\u6863Hap Eckhart\uff08\u9a6c\u4e01\u00b7\u5510\u6587 Martin Donovan \u9970\uff09\u6765\u5230\u8fdc\u79bb\u6d1b\u6749\u77f6\u4e00\u5904\u65e5\u4e0d\u843d\u7684\u5c0f\u9547\u963f\u62c9\u65af\u52a0\uff0c\u8c03\u67e5\u4e00\u540d17\u5c81\u5c11\u5973\u88ab\u6d3b\u6d3b\u6bb4\u6253\u81f4\u6b7b\u7684\u6848\u4ef6\u3002\u963f\u62c9\u65af\u52a0\u4e00\u540d\u5973\u8b66\u5bdfllie Burr\uff08\u5e0c\u62c9\u91cc\u00b7\u65af\u4e07\u514b Hilary Swank \u9970\uff09\u5bf9Dormer\u7684\u529e\u6848\u624b\u6cd5\u7531\u8877\u611f\u5230\u656c\u754f\uff0c\u52aa\u529b\u5728\u67e5\u6848\u8fc7\u7a0b\u4e2d\u5b66\u4e60\u3002\u800c\u6b64\u523b\u7684\u591a\u83ab\u5176\u5b9e\u5df2\u7ecf\u9ebb\u70e6\u7f20\u8eab\uff0c\u4ed6\u5728\u6d1b\u6749\u77f6\u6293\u83b7\u4e86\u4e00\u4e2a\u6848\u4ef6\u5acc\u7591\u4eba\uff0c\u56e0\u4e3a\u8981\u5c06\u5176\u5b9a\u7f6a\uff0c\u4e0d\u5f97\u4e0d\u634f\u9020\u4e86\u5047\u8bc1\u636e\uff0c\u6b64\u4e8b\u5df2\u88ab\u5185\u52a1\u90e8\u8c03\u67e5\u3002Hap\u60f3\u5411\u5185\u52a1\u90e8\u5766\u8bda\u771f\u76f8\u5e76\u8ba4\u4e3a\u5bf9Dormer\u4e5f\u662f\u597d\u4e8b\uff0c\u4e0d\u8fc7Dormer\u4e0d\u8fd9\u6837\u60f3\u3002\n                                        \n                                    \u3000\u3000\u5728\u5f15\u8bf1\u771f\u51f6\u7684\u56f4\u6355\u4e2d\uff0cDormer\u5728\u5927\u96fe\u4e2d\u5931\u8bef\u6253\u6b7bHap\uff0cHap\u4e34\u6b7b\u524d\u8ba4\u4e3aDormer\u662f\u6545\u610f\u6253\u6b7b\u81ea\u5df1\u7684\u3002\u5728\u9648\u8ff0\u4e8b\u4ef6\u65f6Dormer\u672c\u80fd\u6027\u5730\u8bf4\u90a3\u67aa\u662f\u51f6\u624b\u5f00\u7684\u3002\u7136\u800c\u5728\u826f\u5fc3\u7684\u538b\u529b\u548c\u65e5\u4e0d\u843d\u7684\u73af\u5883\u4e0b\uff0c\u4ed6\u60a3\u4e0a\u4e86\u4e25\u91cd...\n                            \n(\u5c55\u5f00\u5168\u90e8)\n""}, {""user"": ""Doublebitch"", ""start"": ""50"", ""time"": ""2010-11-15 09:29:12"", ""content"": ""\u5176\u5b9e\u8bfa\u5170\u8fd9\u90e8\u6700\u4e0d\u8bfa\u5170\u6700\u88ab\u51b7\u843d\u7684\u7247\u5b50\u624d\u662f\u4ed6\u5728\u597d\u83b1\u575e\u62cd\u7684\u6700\u597d\u7684\u7247\u5b50\uff0c\u6bd4\u4ed6\u540e\u6765\u90a3\u4e9b\u5927\u7247\u5f3a\u591a\u4e86\uff0c\u4ec5\u6b21\u4e8e\u8bb0\u5fc6\u788e\u7247\u30024\u661f\u534a\u3002""}, {""user"": ""\u6587\u6cfd\u5c14"", ""start"": ""40"", ""time"": ""2012-08-05 22:28:22"", ""content"": "" Al Pacino\u7684\u8868\u6f14\u592a\u7cbe\u5f69\u4e86\uff0c\u5267\u60c5\u56db\u5e73\u516b\u7a33\uff0c\u4e0d\u50cf\u8bfa\u5170\u5176\u5b83\u4f5c\u54c1\u90a3\u4e48\u7384\u4e4e\u3002""}, {""user"": ""Ocap"", ""start"": ""40"", ""time"": ""2017-07-19 19:53:11"", ""content"": ""\u5176\u5b9e\u8bfa\u5170\u548c\u8001\u5e15\u7684\u642d\u914d \u8fd8\u662f\u8d70\u7b80\u60c5\u8282\u914d\u795e\u6f14\u6280\u7684\u8def\u5b50 \u89c1\u77ed\u8bc4\u8bf4\u8001\u5e15\u7684\u6f14\u6280 \u5305\u62ec\u5728\u9b54\u9b3c\u4ee3\u8a00\u4eba\u7b49\u7247\u4e2d\u7684\u6f14\u51fa \u90fd\u662f\u8d70\u7684\u5636\u543c\u6d41\u75de\u5b50\u8def\u7ebf \u800c\u8bfa\u5170\u8fd9\u90e8\u5305\u62ec\u5728imdb\u51e0\u4e2a\u957f\u8bc4\u4e2d \u4e5f\u88ab\u6279\u8bc4\u4e3a\u6c89\u95f7 \u5b9e\u9645\u5927\u7ea6\u8fd8\u662f\u88ab\u770b\u4f4e\u4e86 \u7247\u4e2d\u56db\u4e2a\u77ac\u95f4\uff1a\u8bef\u6740\u642d\u6863\u65f6\u7684\u72b9\u7591 \u5f3a\u906e\u9633\u5149\u65f6\u7684\u65e0\u5948 \u770b\u7f57\u5bbe\u6c89\u5e95\u65f6\u7684\u590d\u6742 \u53caHS\u6700\u7ec8\u7684\u575a\u5b9a \u4fbf\u503c\u5f97\u56db\u661f\u4e86""}, {""user"": ""\u660f\u91d1\u6697\u7389"", ""start"": ""20"", ""time"": ""2008-08-14 15:36:29"", ""content"": ""\u88ab\u4f4e\u4f30\u4e86\uff0c\u7edd\u5bf9\u662f\u8bfa\u5170\u6700\u7ec6\u817b\u7684\u4f5c\u54c1\uff0c\u4e3b\u65e8\u4e0a\u53ef\u89c6\u4e3a\u300a\u9ed1\u6697\u9a91\u58eb\u300b\u524d\u8eab\u3002\u6700\u4e0d\u73a9\u53d9\u4e8b\u7684\u4e00\u6b21\u540c\u65f6\u4e5f\u662f\u6700\u4e0d\u4f9d\u8d56\u5f62\u5f0f\u7684\u4e00\u6b21\uff0c\u5f20\u529b\u9ad8\u5ea6\u5185\u5316\uff0c\u5404\u65b9\u9762\u90fd\u975e\u5e38\u624e\u5b9e\u3002\u5e15\u897f\u8bfa\u7684\u8868\u6f14\u6bd4\u300a\u76d7\u706b\u7ebf\u300b\u66f4\u597d\u3002\u957f\u8bc4\uff1ahttps://movie.douban.com/review/8680178/""}]","https://img3.doubanio.com/view/photo/sqxs/public/p456670910.jpg,https://img1.doubanio.com/view/photo/sqxs/public/p456670928.jpg,https://img2.doubanio.com/view/photo/sqxs/public/p1833787563.jpg,https://img2.doubanio.com/view/photo/sqxs/public/p456670853.jpg,https://img2.doubanio.com/view/photo/sqxs/public/p2211560922.jpg",0
